Series ID,Year,Period,Label,Value,3---onth % Change
Eggs--grade A,2008,01,2008 Jan,2.175,22.8
Eggs--grade A,2008,02,2008 Feb,2.168,16.4
Eggs--grade A,2008,03,2008 Mar,2.203,5.0
Eggs--grade A,2008,04,2008 Apr,2.069,-4.9
Eggs--grade A,2008,05,2008 May,1.930,-11.0
Eggs--grade A,2008,06,2008 Jun,1.920,-12.8
Eggs--grade A,2008,07,2008 Jul,2.011,-2.8
Eggs--grade A,2008,08,2008 Aug,1.854,-3.9
Eggs--grade A,2008,09,2008 Sep,1.978,3.0
Eggs--grade A,2008,10,2008 Oct,1.858,-7.6
Eggs--grade A,2008,11,2008 Nov,1.838,-0.9
Eggs--grade A,2008,12,2008 Dec,1.834,-7.3
Eggs--grade A,2009,01,2009 Jan,1.850,-0.4
Eggs--grade A,2009,02,2009 Feb,1.795,-2.3
Eggs--grade A,2009,03,2009 Mar,1.693,-7.7
Eggs--grade A,2009,04,2009 Apr,1.774,-4.1
Eggs--grade A,2009,05,2009 May,1.501,-16.4
Eggs--grade A,2009,06,2009 Jun,1.529,-9.7
Eggs--grade A,2009,07,2009 Jul,1.495,-15.7
Eggs--grade A,2009,08,2009 Aug,1.632,8.7
Eggs--grade A,2009,09,2009 Sep,1.627,6.4
Eggs--grade A,2009,10,2009 Oct,1.595,6.7
Eggs--grade A,2009,11,2009 Nov,1.705,4.5
Eggs--grade A,2009,12,2009 Dec,1.772,8.9
Eggs--grade A,2010,01,2010 Jan,1.789,12.2
Eggs--grade A,2010,02,2010 Feb,1.872,9.8
Eggs--grade A,2010,03,2010 Mar,1.822,2.8
Eggs--grade A,2010,04,2010 Apr,1.779,-0.6
Eggs--grade A,2010,05,2010 May,1.523,-18.6
Eggs--grade A,2010,06,2010 Jun,1.494,-18.0
Eggs--grade A,2010,07,2010 Jul,1.441,-19.0
Eggs--grade A,2010,08,2010 Aug,1.519,-0.3
Eggs--grade A,2010,09,2010 Sep,1.753,17.3
Eggs--grade A,2010,10,2010 Oct,1.456,1.0
Eggs--grade A,2010,11,2010 Nov,1.675,10.3
Eggs--grade A,2010,12,2010 Dec,1.793,2.3
Eggs--grade A,2011,01,2011 Jan,1.806,24.0
Eggs--grade A,2011,02,2011 Feb,1.708,2.0
Eggs--grade A,2011,03,2011 Mar,1.732,-3.4
Eggs--grade A,2011,04,2011 Apr,1.727,-4.4
Eggs--grade A,2011,05,2011 May,1.692,-0.9
Eggs--grade A,2011,06,2011 Jun,1.683,-2.8
Eggs--grade A,2011,07,2011 Jul,1.647,-4.6
Eggs--grade A,2011,08,2011 Aug,1.711,1.1
Eggs--grade A,2011,09,2011 Sep,1.947,15.7
Eggs--grade A,2011,10,2011 Oct,1.871,13.6
Eggs--grade A,2011,11,2011 Nov,1.836,7.3
Eggs--grade A,2011,12,2011 Dec,1.874,-3.7
Eggs--grade A,2012,01,2012 Jan,1.939,3.6
Eggs--grade A,2012,02,2012 Feb,1.798,-2.1
Eggs--grade A,2012,03,2012 Mar,1.774,-5.3
Eggs--grade A,2012,04,2012 Apr,1.829,-5.7
Eggs--grade A,2012,05,2012 May,1.691,-6.0
Eggs--grade A,2012,06,2012 Jun,1.670,-5.9
Eggs--grade A,2012,07,2012 Jul,1.648,-9.9
Eggs--grade A,2012,08,2012 Aug,1.884,11.4
Eggs--grade A,2012,09,2012 Sep,1.889,13.1
Eggs--grade A,2012,10,2012 Oct,1.960,18.9
Eggs--grade A,2012,11,2012 Nov,1.963,4.2
Eggs--grade A,2012,12,2012 Dec,2.007,6.2
Eggs--grade A,2013,01,2013 Jan,1.933,-1.4
Eggs--grade A,2013,02,2013 Feb,1.965,0.1
Eggs--grade A,2013,03,2013 Mar,1.925,-4.1
Eggs--grade A,2013,04,2013 Apr,1.918,-0.8
Eggs--grade A,2013,05,2013 May,1.870,-4.8
Eggs--grade A,2013,06,2013 Jun,1.859,-3.4
Eggs--grade A,2013,07,2013 Jul,1.833,-4.4
Eggs--grade A,2013,08,2013 Aug,1.838,-1.7
Eggs--grade A,2013,09,2013 Sep,1.897,2.0
Eggs--grade A,2013,10,2013 Oct,1.925,5.0
Eggs--grade A,2013,11,2013 Nov,1.925,4.7
Eggs--grade A,2013,12,2013 Dec,2.026,6.8
Eggs--grade A,2014,01,2014 Jan,2.008,4.3
Eggs--grade A,2014,02,2014 Feb,1.998,3.8
Eggs--grade A,2014,03,2014 Mar,2.061,1.7
Eggs--grade A,2014,04,2014 Apr,2.119,5.5
Eggs--grade A,2014,05,2014 May,1.996,-0.1
Eggs--grade A,2014,06,2014 Jun,1.948,-5.5
Eggs--grade A,2014,07,2014 Jul,1.950,-8.0
Eggs--grade A,2014,08,2014 Aug,1.979,-0.9
Eggs--grade A,2014,09,2014 Sep,1.970,1.1
Eggs--grade A,2014,10,2014 Oct,1.951,0.1
Eggs--grade A,2014,11,2014 Nov,2.032,2.7
Eggs--grade A,2014,12,2014 Dec,2.210,12.2
Eggs--grade A,2015,01,2015 Jan,2.113,8.3
Eggs--grade A,2015,02,2015 Feb,2.088,2.8
Eggs--grade A,2015,03,2015 Mar,2.133,-3.5
Eggs--grade A,2015,04,2015 Apr,2.065,-2.3
Eggs--grade A,2015,05,2015 May,1.962,-6.0
Eggs--grade A,2015,06,2015 Jun,2.570,20.5
Eggs--grade A,2015,07,2015 Jul,2.570,24.5
Eggs--grade A,2015,08,2015 Aug,2.943,50.0
Eggs--grade A,2015,09,2015 Sep,2.966,15.4
Eggs--grade A,2015,10,2015 Oct,2.808,9.3
Eggs--grade A,2015,11,2015 Nov,2.664,-9.5
Eggs--grade A,2015,12,2015 Dec,2.751,-7.2
Eggs--grade A,2016,01,2016 Jan,2.328,-17.1
Eggs--grade A,2016,02,2016 Feb,2.267,-14.9
Eggs--grade A,2016,03,2016 Mar,2.081,-24.4
Eggs--grade A,2016,04,2016 Apr,1.793,-23.0
Eggs--grade A,2016,05,2016 May,1.684,-25.7
Eggs--grade A,2016,06,2016 Jun,1.491,-28.4
Eggs--grade A,2016,07,2016 Jul,1.546,-13.8
Eggs--grade A,2016,08,2016 Aug,1.455,-13.6
Eggs--grade A,2016,09,2016 Sep,1.471,-1.3
Eggs--grade A,2016,10,2016 Oct,1.390,-10.1
Eggs--grade A,2016,11,2016 Nov,1.321,-9.2
Eggs--grade A,2016,12,2016 Dec,1.383,-6.0
Eggs--grade A,2017,01,2017 Jan,1.599,15.0
Eggs--grade A,2017,02,2017 Feb,1.464,10.8
Eggs--grade A,2017,03,2017 Mar,1.404,1.5
Eggs--grade A,2017,04,2017 Apr,1.409,-11.9
Eggs--grade A,2017,05,2017 May,1.414,-3.4
Eggs--grade A,2017,06,2017 Jun,1.332,-5.1
Eggs--grade A,2017,07,2017 Jul,1.333,-5.4
Eggs--grade A,2017,08,2017 Aug,1.367,-3.3
Eggs--grade A,2017,09,2017 Sep,1.422,6.8
Eggs--grade A,2017,10,2017 Oct,1.540,15.5
Eggs--grade A,2017,11,2017 Nov,1.506,10.2
Eggs--grade A,2017,12,2017 Dec,1.815,27.6
Eggs--grade A,2018,01,2018 Jan,1.769,14.9
Eggs--grade A,2018,02,2018 Feb,1.755,16.5
Eggs--grade A,2018,03,2018 Mar,1.831,0.9
Eggs--grade A,2018,04,2018 Apr,2.081,17.6
Eggs--grade A,2018,05,2018 May,1.987,13.2
Eggs--grade A,2018,06,2018 Jun,1.628,-11.1
Eggs--grade A,2018,07,2018 Jul,1.725,-17.1
Eggs--grade A,2018,08,2018 Aug,1.622,-18.4
Eggs--grade A,2018,09,2018 Sep,1.651,1.4
Eggs--grade A,2018,10,2018 Oct,1.660,-3.8
Eggs--grade A,2018,11,2018 Nov,1.596,-1.6
Eggs--grade A,2018,12,2018 Dec,1.595,-3.4
Eggs--grade A,2019,01,2019 Jan,1.554,-6.4
Eggs--grade A,2019,02,2019 Feb,1.557,-2.4
Eggs--grade A,2019,03,2019 Mar,1.544,-3.2
Eggs--grade A,2019,04,2019 Apr,1.463,-5.9
Eggs--grade A,2019,05,2019 May,1.362,-12.5
Eggs--grade A,2019,06,2019 Jun,1.203,-22.1
Eggs--grade A,2019,07,2019 Jul,1.243,-15.0
Eggs--grade A,2019,08,2019 Aug,1.219,-10.5
Eggs--grade A,2019,09,2019 Sep,1.383,15.0
Eggs--grade A,2019,10,2019 Oct,1.282,3.1
Eggs--grade A,2019,11,2019 Nov,1.405,15.3
Eggs--grade A,2019,12,2019 Dec,1.535,11.0
Eggs--grade A,2020,01,2020 Jan,1.461,14.0
Eggs--grade A,2020,02,2020 Feb,1.449,3.1
Eggs--grade A,2020,03,2020 Mar,1.525,-0.7
Eggs--grade A,2020,04,2020 Apr,2.019,38.2
Eggs--grade A,2020,05,2020 May,1.640,13.2
Eggs--grade A,2020,06,2020 Jun,1.554,1.9
Eggs--grade A,2020,07,2020 Jul,1.401,-30.6
Eggs--grade A,2020,08,2020 Aug,1.328,-19.0
Eggs--grade A,2020,09,2020 Sep,1.353,-12.9
Eggs--grade A,2020,10,2020 Oct,1.408,0.5
Eggs--grade A,2020,11,2020 Nov,1.450,9.2
Eggs--grade A,2020,12,2020 Dec,1.481,9.5
Eggs--grade A,2021,01,2021 Jan,1.466,4.1
Eggs--grade A,2021,02,2021 Feb,1.597,10.1
Eggs--grade A,2021,03,2021 Mar,1.625,9.7
Eggs--grade A,2021,04,2021 Apr,1.620,10.5
Eggs--grade A,2021,05,2021 May,1.625,1.8
Eggs--grade A,2021,06,2021 Jun,1.642,1.0
Eggs--grade A,2021,07,2021 Jul,1.642,1.4
Eggs--grade A,2021,08,2021 Aug,1.709,5.2
Eggs--grade A,2021,09,2021 Sep,1.835,11.8
Eggs--grade A,2021,10,2021 Oct,1.821,10.9
Eggs--grade A,2021,11,2021 Nov,1.718,0.5
Eggs--grade A,2021,12,2021 Dec,1.788,-2.6
Eggs--grade A,2022,01,2022 Jan,1.929,5.9
Eggs--grade A,2022,02,2022 Feb,2.005,16.7
Eggs--grade A,2022,03,2022 Mar,2.046,14.4
Eggs--grade A,2022,04,2022 Apr,2.520,30.6
Eggs--grade A,2022,05,2022 May,2.863,42.8
Eggs--grade A,2022,06,2022 Jun,2.707,32.3
Eggs--grade A,2022,07,2022 Jul,2.936,16.5
Eggs--grade A,2022,08,2022 Aug,3.116,8.8
Eggs--grade A,2022,09,2022 Sep,2.902,7.2
Eggs--grade A,2022,10,2022 Oct,3.419,16.5
Eggs--grade A,2022,11,2022 Nov,3.589,15.2
Eggs--grade A,2022,12,2022 Dec,4.250,46.5
Eggs--grade A,2023,01,2023 Jan,4.823,41.1
Eggs--grade A,2023,02,2023 Feb,4.211,17.3
Eggs--grade A,2023,03,2023 Mar,3.446,-18.9
Eggs--grade A,2023,04,2023 Apr,3.270,-32.2
Eggs--grade A,2023,05,2023 May,2.666,-36.7
Eggs--grade A,2023,06,2023 Jun,2.219,-35.6
Eggs--grade A,2023,07,2023 Jul,2.094,-36.0
Eggs--grade A,2023,08,2023 Aug,2.043,-23.4
Eggs--grade A,2023,09,2023 Sep,2.065,-6.9
Apples,2008,01,2008 Jan,1.161,7.2
Apples,2008,02,2008 Feb,1.176,6.6
Apples,2008,03,2008 Mar,1.209,7.9
Apples,2008,04,2008 Apr,1.205,3.8
Apples,2008,05,2008 May,1.254,6.6
Apples,2008,06,2008 Jun,1.362,12.7
Apples,2008,07,2008 Jul,1.452,20.5
Apples,2008,08,2008 Aug,1.580,26.0
Apples,2008,09,2008 Sep,1.584,16.3
Apples,2008,10,2008 Oct,1.417,-2.4
Apples,2008,11,2008 Nov,1.259,-20.3
Apples,2008,12,2008 Dec,1.179,-25.6
Apples,2009,01,2009 Jan,1.233,-13.0
Apples,2009,02,2009 Feb,1.191,-5.4
Apples,2009,03,2009 Mar,1.195,1.4
Apples,2009,04,2009 Apr,1.202,-2.5
Apples,2009,05,2009 May,1.147,-3.7
Apples,2009,06,2009 Jun,1.183,-1.0
Apples,2009,07,2009 Jul,1.193,-0.7
Apples,2009,08,2009 Aug,1.217,6.1
Apples,2009,09,2009 Sep,1.212,2.5
Apples,2009,10,2009 Oct,1.129,-5.4
Apples,2009,11,2009 Nov,1.163,-4.4
Apples,2009,12,2009 Dec,1.114,-8.1
Apples,2010,01,2010 Jan,1.141,1.1
Apples,2010,02,2010 Feb,1.153,-0.9
Apples,2010,03,2010 Mar,1.173,5.3
Apples,2010,04,2010 Apr,1.200,5.2
Apples,2010,05,2010 May,1.259,9.2
Apples,2010,06,2010 Jun,1.262,7.6
Apples,2010,07,2010 Jul,1.290,7.5
Apples,2010,08,2010 Aug,1.305,3.7
Apples,2010,09,2010 Sep,1.259,-0.2
Apples,2010,10,2010 Oct,1.180,-8.5
Apples,2010,11,2010 Nov,1.225,-6.1
Apples,2010,12,2010 Dec,1.196,-5.0
Apples,2011,01,2011 Jan,1.241,5.2
Apples,2011,02,2011 Feb,1.311,7.0
Apples,2011,03,2011 Mar,1.283,7.3
Apples,2011,04,2011 Apr,1.345,8.4
Apples,2011,05,2011 May,1.306,-0.4
Apples,2011,06,2011 Jun,1.317,2.7
Apples,2011,07,2011 Jul,1.374,2.2
Apples,2011,08,2011 Aug,1.529,17.1
Apples,2011,09,2011 Sep,1.505,14.3
Apples,2011,10,2011 Oct,1.409,2.5
Apples,2011,11,2011 Nov,1.318,-13.8
Apples,2011,12,2011 Dec,1.266,-15.9
Apples,2012,01,2012 Jan,1.272,-9.7
Apples,2012,02,2012 Feb,1.282,-2.7
Apples,2012,03,2012 Mar,1.284,1.4
Apples,2012,04,2012 Apr,1.257,-1.2
Apples,2012,05,2012 May,1.294,0.9
Apples,2012,06,2012 Jun,1.377,7.2
Apples,2012,07,2012 Jul,1.435,14.2
Apples,2012,08,2012 Aug,1.504,16.2
Apples,2012,09,2012 Sep,1.524,10.7
Apples,2012,10,2012 Oct,1.435,0.0
Apples,2012,11,2012 Nov,1.437,-4.5
Apples,2012,12,2012 Dec,1.424,-6.6
Apples,2013,01,2013 Jan,1.350,-5.9
Apples,2013,02,2013 Feb,1.433,-0.3
Apples,2013,03,2013 Mar,1.393,-2.2
Apples,2013,04,2013 Apr,1.330,-1.5
Apples,2013,05,2013 May,1.406,-1.9
Apples,2013,06,2013 Jun,1.382,-0.8
Apples,2013,07,2013 Jul,1.412,6.2
Apples,2013,08,2013 Aug,1.428,1.6
Apples,2013,09,2013 Sep,1.406,1.7
Apples,2013,11,2013 Nov,1.362,-4.6
Apples,2013,12,2013 Dec,1.343,-4.5
Apples,2014,01,2014 Jan,1.278,N/A
Apples,2014,02,2014 Feb,1.309,-3.9
Apples,2014,03,2014 Mar,1.330,-1.0
Apples,2014,04,2014 Apr,1.356,6.1
Apples,2014,05,2014 May,1.393,6.4
Apples,2014,06,2014 Jun,1.393,4.7
Apples,2014,07,2014 Jul,1.391,2.6
Apples,2014,08,2014 Aug,1.404,0.8
Apples,2014,09,2014 Sep,1.403,0.7
Apples,2014,10,2014 Oct,1.364,-1.9
Apples,2014,11,2014 Nov,1.333,-5.1
Apples,2014,12,2014 Dec,1.290,-8.1
Apples,2015,01,2015 Jan,1.345,-1.4
Apples,2015,02,2015 Feb,1.350,1.3
Apples,2015,03,2015 Mar,1.265,-1.9
Apples,2015,04,2015 Apr,1.245,-7.4
Apples,2015,05,2015 May,1.301,-3.6
Apples,2015,06,2015 Jun,1.357,7.3
Apples,2015,07,2015 Jul,1.408,13.1
Apples,2015,08,2015 Aug,1.435,10.3
Apples,2015,09,2015 Sep,1.429,5.3
Apples,2015,10,2015 Oct,1.396,-0.9
Apples,2015,11,2015 Nov,1.369,-4.6
Apples,2015,12,2015 Dec,1.396,-2.3
Apples,2016,01,2016 Jan,1.450,3.9
Apples,2016,02,2016 Feb,1.441,5.3
Apples,2016,03,2016 Mar,1.472,5.4
Apples,2016,04,2016 Apr,1.456,0.4
Apples,2016,05,2016 May,1.428,-0.9
Apples,2016,06,2016 Jun,1.444,-1.9
Apples,2016,07,2016 Jul,1.463,0.5
Apples,2016,08,2016 Aug,1.508,5.6
Apples,2016,09,2016 Sep,1.465,1.5
Apples,2016,10,2016 Oct,1.430,-2.3
Apples,2016,12,2016 Dec,1.308,-10.7
Apples,2017,01,2017 Jan,1.247,-12.8
Apples,2017,02,2017 Feb,1.200,N/A
Apples,2017,03,2017 Mar,1.246,-4.7
Apples,2017,04,2017 Apr,1.260,1.0
Apples,2017,05,2017 May,1.293,7.8
Apples,2017,06,2017 Jun,1.335,7.1
Apples,2017,07,2017 Jul,1.354,7.5
Apples,2017,08,2017 Aug,1.347,4.2
Apples,2017,09,2017 Sep,1.347,0.9
Apples,2017,10,2017 Oct,1.315,-2.9
Bananas,2008,01,2008 Jan,0.521,2.6
Bananas,2008,02,2008 Feb,0.540,4.9
Bananas,2008,03,2008 Mar,0.597,13.7
Bananas,2008,04,2008 Apr,0.627,20.3
Bananas,2008,05,2008 May,0.630,16.7
Bananas,2008,06,2008 Jun,0.633,6.0
Bananas,2008,07,2008 Jul,0.627,0.0
Bananas,2008,08,2008 Aug,0.634,0.6
Bananas,2008,09,2008 Sep,0.631,-0.3
Bananas,2008,10,2008 Oct,0.629,0.3
Bananas,2008,11,2008 Nov,0.626,-1.3
Bananas,2008,12,2008 Dec,0.617,-2.2
Bananas,2009,01,2009 Jan,0.629,0.0
Bananas,2009,02,2009 Feb,0.641,2.4
Bananas,2009,03,2009 Mar,0.634,2.8
Bananas,2009,04,2009 Apr,0.629,0.0
Bananas,2009,05,2009 May,0.622,-3.0
Bananas,2009,06,2009 Jun,0.617,-2.7
Bananas,2009,07,2009 Jul,0.616,-2.1
Bananas,2009,08,2009 Aug,0.611,-1.8
Bananas,2009,09,2009 Sep,0.605,-1.9
Bananas,2009,10,2009 Oct,0.598,-2.9
Bananas,2009,11,2009 Nov,0.561,-8.2
Bananas,2009,12,2009 Dec,0.571,-5.6
Bananas,2010,01,2010 Jan,0.586,-2.0
Bananas,2010,02,2010 Feb,0.587,4.6
Bananas,2010,03,2010 Mar,0.575,0.7
Bananas,2010,04,2010 Apr,0.580,-1.0
Bananas,2010,05,2010 May,0.571,-2.7
Bananas,2010,06,2010 Jun,0.577,0.3
Bananas,2010,07,2010 Jul,0.583,0.5
Bananas,2010,08,2010 Aug,0.576,0.9
Bananas,2010,09,2010 Sep,0.573,-0.7
Bananas,2010,10,2010 Oct,0.580,-0.5
Bananas,2010,11,2010 Nov,0.581,0.9
Bananas,2010,12,2010 Dec,0.587,2.4
Bananas,2011,01,2011 Jan,0.596,2.8
Bananas,2011,02,2011 Feb,0.625,7.6
Bananas,2011,03,2011 Mar,0.621,5.8
Bananas,2011,04,2011 Apr,0.621,4.2
Bananas,2011,05,2011 May,0.617,-1.3
Bananas,2011,06,2011 Jun,0.614,-1.1
Bananas,2011,07,2011 Jul,0.611,-1.6
Bananas,2011,08,2011 Aug,0.606,-1.8
Bananas,2011,09,2011 Sep,0.607,-1.1
Bananas,2011,10,2011 Oct,0.607,-0.7
Bananas,2011,11,2011 Nov,0.598,-1.3
Bananas,2011,12,2011 Dec,0.599,-1.3
Bananas,2012,01,2012 Jan,0.604,-0.5
Bananas,2012,02,2012 Feb,0.603,0.8
Bananas,2012,03,2012 Mar,0.607,1.3
Bananas,2012,04,2012 Apr,0.603,-0.2
Bananas,2012,05,2012 May,0.599,-0.7
Bananas,2012,06,2012 Jun,0.605,-0.3
Bananas,2012,07,2012 Jul,0.604,0.2
Bananas,2012,08,2012 Aug,0.595,-0.7
Bananas,2012,09,2012 Sep,0.597,-1.3
Bananas,2012,10,2012 Oct,0.602,-0.3
Bananas,2012,11,2012 Nov,0.600,0.8
Bananas,2012,12,2012 Dec,0.606,1.5
Bananas,2013,01,2013 Jan,0.609,1.2
Bananas,2013,02,2013 Feb,0.611,1.8
Bananas,2013,03,2013 Mar,0.609,0.5
Bananas,2013,04,2013 Apr,0.597,-2.0
Bananas,2013,05,2013 May,0.603,-1.3
Bananas,2013,06,2013 Jun,0.603,-1.0
Bananas,2013,07,2013 Jul,0.602,0.8
Bananas,2013,08,2013 Aug,0.595,-1.3
Bananas,2013,09,2013 Sep,0.601,-0.3
Bananas,2013,10,2013 Oct,0.586,-2.7
Bananas,2013,11,2013 Nov,0.587,-1.3
Bananas,2013,12,2013 Dec,0.592,-1.5
Bananas,2014,01,2014 Jan,0.595,1.5
Bananas,2014,02,2014 Feb,0.599,2.0
Bananas,2014,03,2014 Mar,0.597,0.8
Bananas,2014,04,2014 Apr,0.597,0.3
Bananas,2014,05,2014 May,0.603,0.7
Bananas,2014,06,2014 Jun,0.607,1.7
Bananas,2014,07,2014 Jul,0.606,1.5
Bananas,2014,08,2014 Aug,0.608,0.8
Bananas,2014,09,2014 Sep,0.606,-0.2
Bananas,2014,10,2014 Oct,0.582,-4.0
Bananas,2014,11,2014 Nov,0.592,-2.6
Bananas,2014,12,2014 Dec,0.585,-3.5
Bananas,2015,01,2015 Jan,0.583,0.2
Bananas,2015,02,2015 Feb,0.591,-0.2
Bananas,2015,03,2015 Mar,0.593,1.4
Bananas,2015,04,2015 Apr,0.597,2.4
Bananas,2015,05,2015 May,0.582,-1.5
Bananas,2015,06,2015 Jun,0.574,-3.2
Bananas,2015,07,2015 Jul,0.581,-2.7
Bananas,2015,08,2015 Aug,0.580,-0.3
Bananas,2015,09,2015 Sep,0.580,1.0
Bananas,2015,10,2015 Oct,0.577,-0.7
Bananas,2015,11,2015 Nov,0.575,-0.9
Bananas,2015,12,2015 Dec,0.580,0.0
Bananas,2016,01,2016 Jan,0.581,0.7
Bananas,2016,02,2016 Feb,0.573,-0.3
Bananas,2016,03,2016 Mar,0.586,1.0
Bananas,2016,04,2016 Apr,0.574,-1.2
Bananas,2016,05,2016 May,0.570,-0.5
Bananas,2016,06,2016 Jun,0.569,-2.9
Bananas,2016,07,2016 Jul,0.567,-1.2
Bananas,2016,08,2016 Aug,0.562,-1.4
Bananas,2016,09,2016 Sep,0.575,1.1
Bananas,2016,10,2016 Oct,0.570,0.5
Bananas,2016,11,2016 Nov,0.573,2.0
Bananas,2016,12,2016 Dec,0.576,0.2
Bananas,2017,01,2017 Jan,0.573,0.5
Bananas,2017,02,2017 Feb,0.573,0.0
Bananas,2017,03,2017 Mar,0.571,-0.9
Bananas,2017,04,2017 Apr,0.571,-0.3
Bananas,2017,05,2017 May,0.564,-1.6
Bananas,2017,06,2017 Jun,0.572,0.2
Bananas,2017,07,2017 Jul,0.565,-1.1
Bananas,2017,08,2017 Aug,0.561,-0.5
Bananas,2017,09,2017 Sep,0.544,-4.9
Bananas,2017,10,2017 Oct,0.548,-3.0
Bananas,2017,11,2017 Nov,0.551,-1.8
Bananas,2017,12,2017 Dec,0.558,2.6
Bananas,2018,01,2018 Jan,0.568,3.6
Bananas,2018,02,2018 Feb,0.574,4.2
Bananas,2018,03,2018 Mar,0.582,4.3
Bananas,2018,04,2018 Apr,0.578,1.8
Bananas,2018,05,2018 May,0.575,0.2
Bananas,2018,06,2018 Jun,0.575,-1.2
Bananas,2018,07,2018 Jul,0.575,-0.5
Bananas,2018,08,2018 Aug,0.569,-1.0
Bananas,2018,09,2018 Sep,0.573,-0.3
Bananas,2018,10,2018 Oct,0.574,-0.2
Bananas,2018,11,2018 Nov,0.566,-0.5
Bananas,2018,12,2018 Dec,0.577,0.7
Bananas,2019,01,2019 Jan,0.576,0.3
Bananas,2019,02,2019 Feb,0.571,0.9
Bananas,2019,03,2019 Mar,0.581,0.7
Bananas,2019,04,2019 Apr,0.567,-1.6
Bananas,2019,05,2019 May,0.579,1.4
Bananas,2019,06,2019 Jun,0.574,-1.2
Bananas,2019,07,2019 Jul,0.569,0.4
Bananas,2019,08,2019 Aug,0.578,-0.2
Bananas,2019,09,2019 Sep,0.569,-0.9
Bananas,2019,10,2019 Oct,0.573,0.7
Bananas,2019,11,2019 Nov,0.573,-0.9
Bananas,2019,12,2019 Dec,0.573,0.7
Bananas,2020,01,2020 Jan,0.570,-0.5
Bananas,2020,02,2020 Feb,0.574,0.2
Bananas,2020,03,2020 Mar,0.576,0.5
Bananas,2020,04,2020 Apr,0.581,1.9
Bananas,2020,05,2020 May,0.589,2.6
Bananas,2020,06,2020 Jun,0.588,2.1
Bananas,2020,07,2020 Jul,0.580,-0.2
Bananas,2020,08,2020 Aug,0.576,-2.2
Bananas,2020,09,2020 Sep,0.574,-2.4
Bananas,2020,10,2020 Oct,0.577,-0.5
Bananas,2020,11,2020 Nov,0.578,0.3
Bananas,2020,12,2020 Dec,0.572,-0.3
Bananas,2021,01,2021 Jan,0.597,3.5
Bananas,2021,02,2021 Feb,0.590,2.1
Bananas,2021,03,2021 Mar,0.594,3.8
Bananas,2021,04,2021 Apr,0.604,1.2
Bananas,2021,05,2021 May,0.600,1.7
Bananas,2021,06,2021 Jun,0.595,0.2
Bananas,2021,07,2021 Jul,0.594,-1.7
Bananas,2021,08,2021 Aug,0.589,-1.8
Bananas,2021,09,2021 Sep,0.597,0.3
Bananas,2021,10,2021 Oct,0.600,1.0
Bananas,2021,11,2021 Nov,0.619,5.1
Bananas,2021,12,2021 Dec,0.622,4.2
Bananas,2022,01,2022 Jan,0.630,5.0
Bananas,2022,02,2022 Feb,0.628,1.5
Bananas,2022,03,2022 Mar,0.642,3.2
Bananas,2022,04,2022 Apr,0.637,1.1
Bananas,2022,05,2022 May,0.642,2.2
Bananas,2022,06,2022 Jun,0.640,-0.3
Bananas,2022,07,2022 Jul,0.640,0.5
Bananas,2022,08,2022 Aug,0.643,0.2
Bananas,2022,09,2022 Sep,0.643,0.5
Bananas,2022,10,2022 Oct,0.634,-0.9
Bananas,2022,11,2022 Nov,0.631,-1.9
Bananas,2022,12,2022 Dec,0.628,-2.3
Bananas,2023,01,2023 Jan,0.639,0.8
Bananas,2023,02,2023 Feb,0.641,1.6
Bananas,2023,03,2023 Mar,0.632,0.6
Bananas,2023,04,2023 Apr,0.635,-0.6
Bananas,2023,05,2023 May,0.628,-2.0
Bananas,2023,06,2023 Jun,0.625,-1.1
Bananas,2023,07,2023 Jul,0.631,-0.6
Bananas,2023,08,2023 Aug,0.631,0.5
Bananas,2023,09,2023 Sep,0.625,0.0
Oranges,2008,01,2008 Jan,0.905,-41.3
Oranges,2008,02,2008 Feb,0.887,-17.8
Oranges,2008,03,2008 Mar,0.898,-0.8
Oranges,2008,04,2008 Apr,0.931,2.9
Oranges,2008,05,2008 May,1.008,13.6
Oranges,2008,06,2008 Jun,1.136,26.5
Oranges,2008,07,2008 Jul,1.291,38.7
Oranges,2008,08,2008 Aug,1.452,44.0
Oranges,2008,09,2008 Sep,1.471,29.5
Oranges,2008,10,2008 Oct,1.428,10.6
Oranges,2008,11,2008 Nov,1.055,-27.3
Oranges,2008,12,2008 Dec,0.934,-36.5
Oranges,2009,01,2009 Jan,0.896,-37.3
Oranges,2009,02,2009 Feb,0.912,-13.6
Oranges,2009,03,2009 Mar,0.889,-4.8
Oranges,2009,04,2009 Apr,0.910,1.6
Oranges,2009,05,2009 May,0.963,5.6
Oranges,2009,06,2009 Jun,1.060,19.2
Oranges,2009,07,2009 Jul,1.191,30.9
Oranges,2009,08,2009 Aug,1.222,26.9
Oranges,2009,09,2009 Sep,1.255,18.4
Oranges,2009,10,2009 Oct,1.262,6.0
Oranges,2009,11,2009 Nov,1.113,-8.9
Oranges,2009,12,2009 Dec,0.932,-25.7
Oranges,2010,01,2010 Jan,0.899,-28.8
Oranges,2010,02,2010 Feb,0.870,-21.8
Oranges,2010,03,2010 Mar,0.858,-7.9
Oranges,2010,04,2010 Apr,0.871,-3.1
Oranges,2010,05,2010 May,0.952,9.4
Oranges,2010,06,2010 Jun,1.096,27.7
Oranges,2010,07,2010 Jul,1.149,31.9
Oranges,2010,08,2010 Aug,1.242,30.5
Oranges,2010,09,2010 Sep,1.302,18.8
Oranges,2010,10,2010 Oct,1.281,11.5
Oranges,2010,11,2010 Nov,1.200,-3.4
Oranges,2010,12,2010 Dec,1.021,-21.6
Oranges,2011,01,2011 Jan,1.052,-17.9
Oranges,2011,02,2011 Feb,0.989,-17.6
Oranges,2011,03,2011 Mar,0.957,-6.3
Oranges,2011,04,2011 Apr,0.926,-12.0
Oranges,2011,05,2011 May,0.916,-7.4
Oranges,2011,06,2011 Jun,1.014,6.0
Oranges,2011,07,2011 Jul,1.078,16.4
Oranges,2011,08,2011 Aug,1.268,38.4
Oranges,2011,09,2011 Sep,1.438,41.8
Oranges,2011,10,2011 Oct,1.386,28.6
Oranges,2011,11,2011 Nov,1.142,-9.9
Oranges,2011,12,2011 Dec,0.983,-31.6
Oranges,2012,01,2012 Jan,0.929,-33.0
Oranges,2012,02,2012 Feb,0.852,-25.4
Oranges,2012,03,2012 Mar,0.850,-13.5
Oranges,2012,04,2012 Apr,0.910,-2.0
Oranges,2012,05,2012 May,0.968,13.6
Oranges,2012,06,2012 Jun,1.032,21.4
Oranges,2012,07,2012 Jul,1.127,23.8
Oranges,2012,08,2012 Aug,1.283,32.5
Oranges,2012,09,2012 Sep,1.296,25.6
Oranges,2012,10,2012 Oct,1.254,11.3
Oranges,2012,11,2012 Nov,1.102,-14.1
Oranges,2012,12,2012 Dec,1.035,-20.1
Oranges,2013,01,2013 Jan,0.991,-21.0
Oranges,2013,02,2013 Feb,0.998,-9.4
Oranges,2013,03,2013 Mar,0.988,-4.5
Oranges,2013,04,2013 Apr,0.981,-1.0
Oranges,2013,05,2013 May,1.048,5.0
Oranges,2013,06,2013 Jun,1.147,16.1
Oranges,2013,07,2013 Jul,1.287,31.2
Oranges,2013,08,2013 Aug,1.377,31.4
Oranges,2013,09,2013 Sep,1.334,16.3
Oranges,2013,10,2013 Oct,1.328,3.2
Oranges,2013,11,2013 Nov,1.201,-12.8
Oranges,2013,12,2013 Dec,1.129,-15.4
Oranges,2014,01,2014 Jan,1.118,-15.8
Oranges,2014,02,2014 Feb,1.146,-4.6
Oranges,2014,03,2014 Mar,1.212,7.4
Oranges,2014,04,2014 Apr,1.261,12.8
Oranges,2014,05,2014 May,1.342,17.1
Oranges,2014,06,2014 Jun,1.299,7.2
Oranges,2014,07,2014 Jul,1.390,10.2
Oranges,2014,08,2014 Aug,1.467,9.3
Oranges,2014,09,2014 Sep,1.486,14.4
Oranges,2014,10,2014 Oct,1.508,8.5
Oranges,2014,11,2014 Nov,1.352,-7.8
Oranges,2014,12,2014 Dec,1.246,-16.2
Oranges,2015,01,2015 Jan,1.195,-20.8
Oranges,2015,02,2015 Feb,1.185,-12.4
Oranges,2015,03,2015 Mar,1.201,-3.6
Oranges,2015,04,2015 Apr,1.165,-2.5
Oranges,2015,05,2015 May,1.208,1.9
Oranges,2015,06,2015 Jun,1.274,6.1
Oranges,2015,07,2015 Jul,1.380,18.5
Oranges,2015,08,2015 Aug,1.493,23.6
Oranges,2015,09,2015 Sep,1.480,16.2
Oranges,2015,10,2015 Oct,1.514,9.7
Oranges,2015,11,2015 Nov,1.329,-11.0
Oranges,2015,12,2015 Dec,1.229,-17.0
Oranges,2016,01,2016 Jan,1.196,-21.0
Oranges,2016,02,2016 Feb,1.194,-10.2
Oranges,2016,03,2016 Mar,1.188,-3.3
Oranges,2016,04,2016 Apr,1.176,-1.7
Oranges,2016,05,2016 May,1.148,-3.9
Oranges,2016,06,2016 Jun,1.186,-0.2
Oranges,2016,07,2016 Jul,1.268,7.8
Oranges,2016,08,2016 Aug,1.365,18.9
Oranges,2016,09,2016 Sep,1.410,18.9
Oranges,2016,10,2016 Oct,1.412,11.4
Oranges,2016,11,2016 Nov,1.239,-9.2
Oranges,2016,12,2016 Dec,1.169,-17.1
Oranges,2017,01,2017 Jan,1.186,-16.0
Oranges,2017,02,2017 Feb,1.191,-3.9
Oranges,2017,03,2017 Mar,1.180,0.9
Oranges,2017,04,2017 Apr,1.174,-1.0
Oranges,2017,05,2017 May,1.226,2.9
Oranges,2017,06,2017 Jun,1.346,14.1
Oranges,2017,07,2017 Jul,1.462,24.5
Oranges,2017,08,2017 Aug,1.453,18.5
Oranges,2017,09,2017 Sep,1.480,10.0
Oranges,2017,10,2017 Oct,1.590,8.8
Oranges,2017,11,2017 Nov,1.486,2.3
Oranges,2017,12,2017 Dec,1.315,-11.1
Oranges,2018,01,2018 Jan,1.326,-16.6
Oranges,2018,02,2018 Feb,1.339,-9.9
Oranges,2018,03,2018 Mar,1.305,-0.8
Oranges,2018,04,2018 Apr,1.291,-2.6
Oranges,2018,05,2018 May,1.348,0.7
Oranges,2018,06,2018 Jun,1.409,8.0
Oranges,2018,07,2018 Jul,1.538,19.1
Oranges,2018,08,2018 Aug,1.559,15.7
Oranges,2018,09,2018 Sep,1.511,7.2
Oranges,2018,10,2018 Oct,1.502,-2.3
Oranges,2018,11,2018 Nov,1.437,-7.8
Oranges,2018,12,2018 Dec,1.389,-8.1
Oranges,2019,01,2019 Jan,1.344,-10.5
Oranges,2019,02,2019 Feb,1.298,-9.7
Oranges,2019,03,2019 Mar,1.346,-3.1
Oranges,2019,04,2019 Apr,1.280,-4.8
Oranges,2019,05,2019 May,1.331,2.5
Oranges,2019,06,2019 Jun,1.296,-3.7
Oranges,2019,07,2019 Jul,1.411,10.2
Oranges,2019,08,2019 Aug,1.442,8.3
Oranges,2019,09,2019 Sep,1.426,10.0
Oranges,2019,10,2019 Oct,1.470,4.2
Oranges,2019,11,2019 Nov,1.429,-0.9
Oranges,2019,12,2019 Dec,1.327,-6.9
Oranges,2020,01,2020 Jan,1.244,-15.4
Oranges,2020,02,2020 Feb,1.218,-14.8
Oranges,2020,03,2020 Mar,1.174,-11.5
Oranges,2020,05,2020 May,1.209,-0.7
Oranges,2020,06,2020 Jun,1.296,10.4
Oranges,2020,12,2020 Dec,1.329,N/A
Oranges,2021,01,2021 Jan,1.303,N/A
Oranges,2021,02,2021 Feb,1.321,N/A
Oranges,2021,03,2021 Mar,1.266,-4.7
Oranges,2021,04,2021 Apr,1.320,1.3
Oranges,2021,05,2021 May,1.317,-0.3
Oranges,2021,06,2021 Jun,1.354,7.0
Oranges,2021,10,2021 Oct,1.490,N/A
Oranges,2021,11,2021 Nov,1.440,N/A
Oranges,2021,12,2021 Dec,1.448,N/A
Oranges,2022,01,2022 Jan,1.427,-4.2
Oranges,2022,02,2022 Feb,1.445,0.3
Oranges,2022,03,2022 Mar,1.480,2.2
Oranges,2022,04,2022 Apr,1.505,5.5
Oranges,2022,05,2022 May,1.546,7.0
Oranges,2022,06,2022 Jun,1.600,8.1
Oranges,2022,08,2022 Aug,1.703,10.2
Oranges,2022,09,2022 Sep,1.730,8.1
Oranges,2022,10,2022 Oct,1.730,N/A
Oranges,2022,11,2022 Nov,1.641,-3.6
Oranges,2022,12,2022 Dec,1.485,-14.2
Oranges,2023,01,2023 Jan,1.514,-12.5
Oranges,2023,02,2023 Feb,1.549,-5.6
Oranges,2023,03,2023 Mar,1.509,1.6
Oranges,2023,04,2023 Apr,1.530,1.1
Oranges,2023,05,2023 May,1.512,-2.4
Oranges,2023,06,2023 Jun,1.535,1.7
Oranges,2023,07,2023 Jul,1.591,4.0
Oranges,2023,08,2023 Aug,1.623,7.3
Oranges,2023,09,2023 Sep,1.637,6.6
Grapefruit,2008,01,2008 Jan,0.854,-25.3
Grapefruit,2008,02,2008 Feb,0.898,-8.6
Grapefruit,2008,03,2008 Mar,0.859,-5.2
Grapefruit,2008,04,2008 Apr,0.883,3.4
Grapefruit,2008,05,2008 May,0.907,1.0
Grapefruit,2008,06,2008 Jun,1.005,17.0
Grapefruit,2008,07,2008 Jul,1.051,19.0
Grapefruit,2008,08,2008 Aug,1.076,18.6
Grapefruit,2008,09,2008 Sep,1.103,9.8
Grapefruit,2008,10,2008 Oct,1.080,2.8
Grapefruit,2008,11,2008 Nov,0.968,-10.0
Grapefruit,2008,12,2008 Dec,0.907,-17.8
Grapefruit,2009,01,2009 Jan,0.794,-26.5
Grapefruit,2009,02,2009 Feb,0.750,-22.5
Grapefruit,2009,03,2009 Mar,0.740,-18.4
Grapefruit,2009,04,2009 Apr,0.789,-0.6
Grapefruit,2009,05,2009 May,0.869,15.9
Grapefruit,2009,06,2009 Jun,0.931,25.8
Grapefruit,2009,07,2009 Jul,0.993,25.9
Grapefruit,2009,08,2009 Aug,1.024,17.8
Grapefruit,2009,09,2009 Sep,1.021,9.7
Grapefruit,2009,10,2009 Oct,1.025,3.2
Grapefruit,2009,11,2009 Nov,1.013,-1.1
Grapefruit,2009,12,2009 Dec,0.881,-13.7
Grapefruit,2010,01,2010 Jan,0.841,-18.0
Grapefruit,2010,02,2010 Feb,0.832,-17.9
Grapefruit,2010,03,2010 Mar,0.825,-6.4
Grapefruit,2010,04,2010 Apr,0.839,-0.2
Grapefruit,2010,05,2010 May,0.900,8.2
Grapefruit,2010,06,2010 Jun,0.956,15.9
Grapefruit,2010,07,2010 Jul,0.990,18.0
Grapefruit,2010,08,2010 Aug,0.974,8.2
Grapefruit,2010,09,2010 Sep,1.002,4.8
Grapefruit,2010,10,2010 Oct,1.018,2.8
Grapefruit,2010,11,2010 Nov,0.957,-1.7
Grapefruit,2010,12,2010 Dec,0.994,-0.8
Grapefruit,2011,01,2011 Jan,0.916,-10.0
Grapefruit,2011,02,2011 Feb,0.880,-8.0
Grapefruit,2011,03,2011 Mar,0.846,-14.9
Grapefruit,2011,04,2011 Apr,0.856,-6.6
Grapefruit,2011,05,2011 May,0.984,11.8
Grapefruit,2011,06,2011 Jun,1.055,24.7
Grapefruit,2011,07,2011 Jul,1.060,23.8
Grapefruit,2011,08,2011 Aug,1.080,9.8
Grapefruit,2011,09,2011 Sep,1.100,4.3
Grapefruit,2011,10,2011 Oct,1.094,3.2
Grapefruit,2011,11,2011 Nov,0.948,-12.2
Grapefruit,2011,12,2011 Dec,0.891,-19.0
Grapefruit,2012,01,2012 Jan,0.847,-22.6
Grapefruit,2012,02,2012 Feb,0.876,-7.6
Grapefruit,2012,03,2012 Mar,0.872,-2.1
Grapefruit,2012,04,2012 Apr,0.937,10.6
Grapefruit,2012,05,2012 May,1.044,19.2
Grapefruit,2012,06,2012 Jun,1.172,34.4
Grapefruit,2012,07,2012 Jul,1.192,27.2
Grapefruit,2012,08,2012 Aug,1.261,20.8
Grapefruit,2012,09,2012 Sep,1.263,7.8
Grapefruit,2012,10,2012 Oct,1.270,6.5
Grapefruit,2012,11,2012 Nov,1.133,-10.2
Grapefruit,2012,12,2012 Dec,1.071,-15.2
Grapefruit,2013,01,2013 Jan,0.976,-23.1
Grapefruit,2013,02,2013 Feb,0.992,-12.4
Grapefruit,2013,03,2013 Mar,0.960,-10.4
Grapefruit,2013,04,2013 Apr,0.953,-2.4
Grapefruit,2013,05,2013 May,0.979,-1.3
Grapefruit,2013,06,2013 Jun,1.053,9.7
Grapefruit,2013,07,2013 Jul,1.089,14.3
Grapefruit,2013,08,2013 Aug,1.106,13.0
Grapefruit,2013,09,2013 Sep,1.128,7.1
Grapefruit,2013,10,2013 Oct,1.153,5.9
Grapefruit,2013,11,2013 Nov,1.124,1.6
Grapefruit,2013,12,2013 Dec,1.066,-5.5
Grapefruit,2014,01,2014 Jan,1.050,-8.9
Grapefruit,2014,02,2014 Feb,1.002,-10.9
Grapefruit,2014,03,2014 Mar,1.022,-4.1
Grapefruit,2014,04,2014 Apr,1.021,-2.8
Grapefruit,2014,05,2014 May,1.006,0.4
Grapefruit,2014,06,2014 Jun,1.075,5.2
Grapefruit,2014,07,2014 Jul,1.128,10.5
Grapefruit,2014,08,2014 Aug,1.156,14.9
Grapefruit,2014,09,2014 Sep,1.224,13.9
Grapefruit,2014,10,2014 Oct,1.370,21.5
Grapefruit,2014,11,2014 Nov,1.157,0.1
Grapefruit,2014,12,2014 Dec,1.095,-10.5
Grapefruit,2015,01,2015 Jan,1.037,-24.3
Grapefruit,2015,02,2015 Feb,1.026,-11.3
Grapefruit,2015,03,2015 Mar,0.970,-11.4
Grapefruit,2015,04,2015 Apr,1.067,2.9
Grapefruit,2015,05,2015 May,1.070,4.3
Grapefruit,2015,06,2015 Jun,1.105,13.9
Grapefruit,2015,07,2015 Jul,1.117,4.7
Grapefruit,2015,08,2015 Aug,1.143,6.8
Grapefruit,2015,09,2015 Sep,1.171,6.0
Grapefruit,2015,10,2015 Oct,1.210,8.3
Grapefruit,2015,11,2015 Nov,1.091,-4.5
Grapefruit,2015,12,2015 Dec,1.085,-7.3
Grapefruit,2016,01,2016 Jan,1.021,-15.6
Grapefruit,2016,02,2016 Feb,0.985,-9.7
Grapefruit,2016,03,2016 Mar,1.036,-4.5
Grapefruit,2016,04,2016 Apr,1.074,5.2
Grapefruit,2016,05,2016 May,1.155,17.3
Grapefruit,2016,06,2016 Jun,1.206,16.4
Grapefruit,2016,07,2016 Jul,1.280,19.2
Grapefruit,2016,08,2016 Aug,1.319,14.2
Grapefruit,2016,11,2016 Nov,1.309,-0.8
Grapefruit,2016,12,2016 Dec,1.252,N/A
Grapefruit,2017,01,2017 Jan,1.163,N/A
Grapefruit,2017,02,2017 Feb,1.125,-14.1
Grapefruit,2017,03,2017 Mar,1.124,-10.2
Grapefruit,2017,04,2017 Apr,1.213,4.3
Grapefruit,2017,05,2017 May,1.258,11.8
Grapefruit,2017,06,2017 Jun,1.315,17.0
Grapefruit,2017,07,2017 Jul,1.333,9.9
Grapefruit,2017,08,2017 Aug,1.333,6.0
Grapefruit,2017,09,2017 Sep,1.391,5.8
Grapefruit,2017,10,2017 Oct,1.388,4.1
Grapefruit,2017,11,2017 Nov,1.378,3.4
Grapefruit,2017,12,2017 Dec,1.330,-4.4
Grapefruit,2018,01,2018 Jan,1.251,-9.9
Grapefruit,2018,02,2018 Feb,1.269,-7.9
Grapefruit,2018,03,2018 Mar,1.293,-2.8
Grapefruit,2018,04,2018 Apr,1.318,5.4
Grapefruit,2018,05,2018 May,1.330,4.8
Grapefruit,2018,06,2018 Jun,1.346,4.1
Grapefruit,2018,07,2018 Jul,1.386,5.2
Grapefruit,2018,08,2018 Aug,1.422,6.9
Grapefruit,2018,09,2018 Sep,1.422,5.6
Grapefruit,2018,10,2018 Oct,1.393,0.5
Grapefruit,2018,11,2018 Nov,1.371,-3.6
Grapefruit,2018,12,2018 Dec,1.347,-5.3
Grapefruit,2019,01,2019 Jan,1.305,-6.3
Grapefruit,2019,02,2019 Feb,1.315,-4.1
Grapefruit,2019,03,2019 Mar,1.366,1.4
Grapefruit,2019,04,2019 Apr,1.344,3.0
Grapefruit,2019,05,2019 May,1.365,3.8
Grapefruit,2019,06,2019 Jun,1.336,-2.2
Grapefruit,2019,07,2019 Jul,1.389,3.3
Grapefruit,2019,08,2019 Aug,1.353,-0.9
Grapefruit,2019,09,2019 Sep,1.371,2.6
Grapefruit,2019,10,2019 Oct,1.421,2.3
Grapefruit,2019,11,2019 Nov,1.324,-2.1
Grapefruit,2019,12,2019 Dec,1.254,-8.5
Grapefruit,2020,01,2020 Jan,1.226,-13.7
Grapefruit,2020,02,2020 Feb,1.189,-10.2
Grapefruit,2023,06,2023 Jun,1.588, N/A
Grapefruit,2023,07,2023 Jul,1.587,N/A
Grapefruit,2023,08,2023 Aug,1.570,N/A
Grapefruit,2023,09,2023 Sep,1.677,5.6
Lemons,2008,01,2008 Jan,2.025,0.5
Lemons,2008,02,2008 Feb,1.951,-3.8
Lemons,2008,03,2008 Mar,1.919,-6.3
Lemons,2008,04,2008 Apr,1.968,-2.8
Lemons,2008,05,2008 May,2.004,2.7
Lemons,2008,06,2008 Jun,2.157,12.4
Lemons,2008,07,2008 Jul,2.143,8.9
Lemons,2008,08,2008 Aug,2.184,9.0
Lemons,2008,09,2008 Sep,2.179,1.0
Lemons,2008,10,2008 Oct,2.095,-2.2
Lemons,2008,11,2008 Nov,1.826,-16.4
Lemons,2008,12,2008 Dec,1.616,-25.8
Lemons,2009,01,2009 Jan,1.541,-26.4
Lemons,2009,02,2009 Feb,1.433,-21.5
Lemons,2009,03,2009 Mar,1.342,-17.0
Lemons,2009,04,2009 Apr,1.390,-9.8
Lemons,2009,05,2009 May,1.392,-2.9
Lemons,2009,06,2009 Jun,1.445,7.7
Lemons,2009,07,2009 Jul,1.590,14.4
Lemons,2009,08,2009 Aug,1.584,13.8
Lemons,2009,09,2009 Sep,1.664,15.2
Lemons,2009,10,2009 Oct,1.634,2.8
Lemons,2009,11,2009 Nov,1.625,2.6
Lemons,2009,12,2009 Dec,1.600,-3.8
Lemons,2010,01,2010 Jan,1.626,-0.5
Lemons,2010,02,2010 Feb,1.586,-2.4
Lemons,2010,03,2010 Mar,1.561,-2.4
Lemons,2010,04,2010 Apr,1.580,-2.8
Lemons,2010,05,2010 May,1.594,0.5
Lemons,2010,06,2010 Jun,1.597,2.3
Lemons,2010,07,2010 Jul,1.672,5.8
Lemons,2010,08,2010 Aug,1.664,4.4
Lemons,2010,09,2010 Sep,1.719,7.6
Lemons,2010,10,2010 Oct,1.757,5.1
Lemons,2010,11,2010 Nov,1.654,-0.6
Lemons,2010,12,2010 Dec,1.601,-6.9
Lemons,2011,01,2011 Jan,1.651,-6.0
Lemons,2011,02,2011 Feb,1.670,1.0
Lemons,2011,03,2011 Mar,1.600,-0.1
Lemons,2011,04,2011 Apr,1.544,-6.5
Lemons,2011,05,2011 May,1.472,-11.9
Lemons,2011,06,2011 Jun,1.465,-8.4
Lemons,2011,07,2011 Jul,1.554,0.6
Lemons,2011,08,2011 Aug,1.626,10.5
Lemons,2011,09,2011 Sep,1.682,14.8
Lemons,2011,10,2011 Oct,1.598,2.8
Lemons,2011,11,2011 Nov,1.570,-3.4
Lemons,2011,12,2011 Dec,1.536,-8.7
Lemons,2012,01,2012 Jan,1.466,-8.3
Lemons,2012,02,2012 Feb,1.485,-5.4
Lemons,2012,03,2012 Mar,1.474,-4.0
Lemons,2012,04,2012 Apr,1.517,3.5
Lemons,2012,05,2012 May,1.596,7.5
Lemons,2012,06,2012 Jun,1.626,10.3
Lemons,2012,07,2012 Jul,1.622,6.9
Lemons,2012,08,2012 Aug,1.678,5.1
Lemons,2012,09,2012 Sep,1.615,-0.7
Lemons,2012,10,2012 Oct,1.604,-1.1
Lemons,2012,11,2012 Nov,1.557,-7.2
Lemons,2012,12,2012 Dec,1.534,-5.0
Lemons,2013,01,2013 Jan,1.557,-2.9
Lemons,2013,02,2013 Feb,1.415,-9.1
Lemons,2013,03,2013 Mar,1.402,-8.6
Lemons,2013,04,2013 Apr,1.416,-9.1
Lemons,2013,05,2013 May,1.566,10.7
Lemons,2013,06,2013 Jun,1.553,10.8
Lemons,2013,07,2013 Jul,1.597,12.8
Lemons,2013,08,2013 Aug,1.714,9.5
Lemons,2013,09,2013 Sep,1.726,11.1
Lemons,2013,10,2013 Oct,1.728,8.2
Lemons,2013,11,2013 Nov,1.675,-2.3
Lemons,2013,12,2013 Dec,1.632,-5.4
Lemons,2014,01,2014 Jan,1.687,-2.4
Lemons,2014,02,2014 Feb,1.667,-0.5
Lemons,2014,03,2014 Mar,1.710,4.8
Lemons,2014,04,2014 Apr,1.743,3.3
Lemons,2014,05,2014 May,1.818,9.1
Lemons,2014,06,2014 Jun,1.867,9.2
Lemons,2014,07,2014 Jul,2.078,19.2
Lemons,2014,08,2014 Aug,2.327,28.0
Lemons,2014,09,2014 Sep,2.355,26.1
Lemons,2014,10,2014 Oct,2.327,12.0
Lemons,2014,11,2014 Nov,2.067,-11.2
Lemons,2014,12,2014 Dec,1.966,-16.5
Lemons,2015,01,2015 Jan,1.860,-20.1
Lemons,2015,02,2015 Feb,1.868,-9.6
Lemons,2015,03,2015 Mar,1.664,-15.4
Lemons,2015,04,2015 Apr,1.750,-5.9
Lemons,2015,05,2015 May,1.874,0.3
Lemons,2015,06,2015 Jun,2.127,27.8
Lemons,2015,07,2015 Jul,2.254,28.8
Lemons,2015,08,2015 Aug,2.088,11.4
Lemons,2015,09,2015 Sep,2.091,-1.7
Lemons,2015,10,2015 Oct,2.164,-4.0
Lemons,2015,11,2015 Nov,2.059,-1.4
Lemons,2015,12,2015 Dec,1.978,-5.4
Lemons,2016,01,2016 Jan,1.956,-9.6
Lemons,2016,02,2016 Feb,1.922,-6.7
Lemons,2016,03,2016 Mar,1.917,-3.1
Lemons,2016,04,2016 Apr,2.027,3.6
Lemons,2016,05,2016 May,2.035,5.9
Lemons,2016,06,2016 Jun,2.115,10.3
Lemons,2016,07,2016 Jul,2.170,7.1
Lemons,2016,08,2016 Aug,2.161,6.2
Lemons,2016,09,2016 Sep,2.171,2.6
Lemons,2016,10,2016 Oct,2.019,-7.0
Lemons,2016,11,2016 Nov,1.971,-8.8
Lemons,2016,12,2016 Dec,1.985,-8.6
Lemons,2017,01,2017 Jan,1.937,-4.1
Lemons,2017,02,2017 Feb,1.970,-0.1
Lemons,2017,03,2017 Mar,1.914,-3.6
Lemons,2017,04,2017 Apr,1.933,-0.2
Lemons,2017,05,2017 May,1.934,-1.8
Lemons,2017,06,2017 Jun,2.022,5.6
Lemons,2017,07,2017 Jul,2.093,8.3
Lemons,2017,08,2017 Aug,2.138,10.5
Lemons,2017,09,2017 Sep,2.102,4.0
Lemons,2017,10,2017 Oct,2.064,-1.4
Lemons,2017,11,2017 Nov,1.986,-7.1
Lemons,2017,12,2017 Dec,1.989,-5.4
Lemons,2018,01,2018 Jan,2.045,-0.9
Lemons,2018,02,2018 Feb,2.060,3.7
Lemons,2018,03,2018 Mar,2.060,3.6
Lemons,2018,04,2018 Apr,2.046,0.0
Lemons,2018,05,2018 May,2.050,-0.5
Lemons,2018,06,2018 Jun,2.115,2.7
Lemons,2018,07,2018 Jul,2.198,7.4
Lemons,2018,08,2018 Aug,2.463,20.1
Lemons,2018,09,2018 Sep,2.552,20.7
Lemons,2018,10,2018 Oct,2.557,16.3
Lemons,2018,11,2018 Nov,2.452,-0.4
Lemons,2018,12,2018 Dec,2.390,-6.3
Lemons,2019,01,2019 Jan,2.363,-7.6
Lemons,2019,02,2019 Feb,2.270,-7.4
Lemons,2019,03,2019 Mar,2.276,-4.8
Lemons,2019,04,2019 Apr,2.221,-6.0
Lemons,2019,05,2019 May,2.167,-4.5
Lemons,2019,06,2019 Jun,2.066,-9.2
Lemons,2019,07,2019 Jul,2.041,-8.1
Lemons,2019,08,2019 Aug,2.030,-6.3
Lemons,2019,09,2019 Sep,2.047,-0.9
Lemons,2019,10,2019 Oct,2.062,1.0
Lemons,2019,11,2019 Nov,2.014,-0.8
Lemons,2019,12,2019 Dec,1.995,-2.5
Lemons,2020,01,2020 Jan,1.949,-5.5
Lemons,2020,02,2020 Feb,1.959,-2.7
Lemons,2020,12,2020 Dec,1.896,N/A
Lemons,2021,05,2021 May,1.981, N/A
Lemons,2021,06,2021 Jun,1.953,N/A
Lemons,2021,10,2021 Oct,1.983, N/A
Lemons,2021,12,2021 Dec,2.014,N/A
Lemons,2022,01,2022 Jan,2.078,4.8
Lemons,2022,03,2022 Mar,2.095,4.0
Lemons,2022,04,2022 Apr,2.225,7.1
Lemons,2022,05,2022 May,2.261,N/A
Lemons,2022,06,2022 Jun,2.192,4.6
Lemons,2022,07,2022 Jul,2.138,-3.9
Lemons,2022,08,2022 Aug,2.032,-10.1
Lemons,2022,09,2022 Sep,2.086,-4.8
Lemons,2022,10,2022 Oct,2.090,-2.2
Lemons,2022,11,2022 Nov,2.122,4.4
Lemons,2022,12,2022 Dec,2.085,0.0
Lemons,2023,01,2023 Jan,2.194,5.0
Lemons,2023,02,2023 Feb,2.157,1.6
Lemons,2023,03,2023 Mar,2.174,4.3
Lemons,2023,04,2023 Apr,2.190,-0.2
Lemons,2023,05,2023 May,2.241,3.9
Lemons,2023,06,2023 Jun,2.226,2.4
Lemons,2023,07,2023 Jul,2.161,-1.3
Lemons,2023,08,2023 Aug,2.076,-7.4
Lemons,2023,09,2023 Sep,2.071,-7.0
Pears,2008,01,2008 Jan,1.272,N/A
Pears,2008,02,2008 Feb,1.246,0.0
Pears,2008,03,2008 Mar,1.319,3.7
Pears,2008,04,2008 Apr,1.359,6.8
Pears,2008,05,2008 May,1.282,2.9
Pears,2008,06,2008 Jun,1.367,3.6
Pears,2008,07,2008 Jul,1.384,1.8
Pears,2008,11,2008 Nov,1.381,N/A
Pears,2008,12,2008 Dec,1.373,N/A
Pears,2009,01,2009 Jan,1.261,N/A
Pears,2009,02,2009 Feb,1.297,-6.1
Pears,2009,03,2009 Mar,1.225,-10.8
Pears,2009,04,2009 Apr,1.292,2.5
Pears,2009,05,2009 May,1.365,5.2
Pears,2009,06,2009 Jun,1.385,13.1
Pears,2009,11,2009 Nov,1.335,N/A
Pears,2009,12,2009 Dec,1.277,N/A
Pears,2010,01,2010 Jan,1.264,N/A
Pears,2010,02,2010 Feb,1.226,-8.2
Pears,2010,03,2010 Mar,1.225,-4.1
Pears,2010,04,2010 Apr,1.193,-5.6
Pears,2010,05,2010 May,1.267,3.3
Pears,2010,06,2010 Jun,1.325,8.2
Pears,2010,07,2010 Jul,1.304,9.3
Pears,2010,11,2010 Nov,1.361,N/A
Pears,2010,12,2010 Dec,1.418,N/A
Pears,2011,01,2011 Jan,1.417,N/A
Pears,2011,02,2011 Feb,1.370,0.7
Pears,2011,03,2011 Mar,1.421,0.2
Pears,2011,04,2011 Apr,1.478,4.3
Pears,2011,05,2011 May,1.503,9.7
Pears,2011,06,2011 Jun,1.389,-2.3
Pears,2011,07,2011 Jul,1.389,-6.0
Pears,2011,11,2011 Nov,1.381,N/A
Pears,2011,12,2011 Dec,1.332,N/A
Pears,2012,01,2012 Jan,1.316,N/A
Pears,2012,02,2012 Feb,1.284,-7.0
Pears,2012,03,2012 Mar,1.223,-8.2
Pears,2012,04,2012 Apr,1.187,-9.8
Pears,2016,06,2016 Jun,1.650, N/A
Pears,2016,07,2016 Jul,1.684,N/A
Pears,2016,10,2016 Oct,1.682,-0.1
Pears,2016,11,2016 Nov,1.726,N/A
Pears,2016,12,2016 Dec,1.628,N/A
Pears,2017,01,2017 Jan,1.577,-6.2
Pears,2017,02,2017 Feb,1.570,-9.0
Pears,2017,03,2017 Mar,1.599,-1.8
Pears,2017,04,2017 Apr,1.602,1.6
Pears,2017,05,2017 May,1.597,1.7
Pears,2017,06,2017 Jun,1.639,2.5
Pears,2017,07,2017 Jul,1.629,1.7
Pears,2017,08,2017 Aug,1.653,3.5
Pears,2017,11,2017 Nov,1.614,-2.4
Pears,2017,12,2017 Dec,1.545,N/A
Pears,2018,01,2018 Jan,1.641,N/A
Pears,2018,02,2018 Feb,1.560,-3.3
Pears,2018,03,2018 Mar,1.558,0.8
Pears,2018,04,2018 Apr,1.521,-7.3
Pears,2018,05,2018 May,1.568,0.5
Pears,2018,06,2018 Jun,1.621,4.0
Pears,2018,07,2018 Jul,1.662,9.3
Pears,2018,11,2018 Nov,1.513,N/A
Pears,2018,12,2018 Dec,1.570,N/A
Pears,2019,01,2019 Jan,1.634,N/A
Pears,2019,02,2019 Feb,1.586,4.8
Pears,2019,03,2019 Mar,1.601,2.0
Pears,2019,04,2019 Apr,1.601,-2.0
Pears,2019,05,2019 May,1.635,3.1
Pears,2019,06,2019 Jun,1.614,0.8
Pears,2019,07,2019 Jul,1.552,-3.1
Peaches,2008,02,2008 Feb,1.825,N/A
Peaches,2008,03,2008 Mar,1.847,N/A
Peaches,2008,06,2008 Jun,1.707,-7.6
Peaches,2008,07,2008 Jul,1.506,N/A
Peaches,2008,08,2008 Aug,1.476,N/A
Peaches,2008,09,2008 Sep,1.487,-12.9
Peaches,2009,02,2009 Feb,1.719,N/A
Peaches,2009,06,2009 Jun,1.711,N/A
Peaches,2009,07,2009 Jul,1.652,N/A
Peaches,2009,08,2009 Aug,1.505,N/A
Peaches,2009,09,2009 Sep,1.570,-8.2
Peaches,2010,02,2010 Feb,1.976,N/A
Peaches,2010,06,2010 Jun,1.949,N/A
Peaches,2010,07,2010 Jul,1.682,N/A
Peaches,2010,08,2010 Aug,1.562,N/A
Peaches,2010,09,2010 Sep,1.591,-18.4
Peaches,2011,06,2011 Jun,1.767,N/A
Peaches,2011,07,2011 Jul,1.578,N/A
Peaches,2011,08,2011 Aug,1.569,N/A
Peaches,2011,09,2011 Sep,1.657,-6.2
Peaches,2012,06,2012 Jun,1.870,N/A
Peaches,2012,07,2012 Jul,1.633,N/A
Peaches,2012,08,2012 Aug,1.599,N/A
Peaches,2012,09,2012 Sep,1.683,-10.0
Peaches,2013,06,2013 Jun,1.928,N/A
Peaches,2013,07,2013 Jul,1.600,N/A
Peaches,2013,08,2013 Aug,1.551,N/A
Peaches,2013,09,2013 Sep,1.616,-16.2
Peaches,2014,06,2014 Jun,2.238,N/A
Peaches,2014,07,2014 Jul,1.971,N/A
Peaches,2014,08,2014 Aug,1.799,N/A
Peaches,2014,09,2014 Sep,1.760,-21.4
Peaches,2015,06,2015 Jun,2.069,N/A
Peaches,2015,07,2015 Jul,1.701,N/A
Peaches,2015,08,2015 Aug,1.701,N/A
Peaches,2015,09,2015 Sep,1.762,-14.8
Peaches,2016,06,2016 Jun,1.908,N/A
Peaches,2016,07,2016 Jul,1.711,N/A
Peaches,2016,08,2016 Aug,1.712,N/A
Peaches,2016,09,2016 Sep,1.797,-5.8
Peaches,2017,06,2017 Jun,2.058,N/A
Peaches,2017,07,2017 Jul,2.084,N/A
Peaches,2017,08,2017 Aug,1.952,N/A
Peaches,2017,09,2017 Sep,1.986,-3.5
Peaches,2018,06,2018 Jun,2.167,N/A
Peaches,2018,07,2018 Jul,2.080,N/A
Peaches,2018,08,2018 Aug,2.060,N/A
Peaches,2018,09,2018 Sep,2.008,-7.3
Peaches,2019,06,2019 Jun,2.134,N/A
Peaches,2019,07,2019 Jul,2.143,N/A
Peaches,2019,08,2019 Aug,1.943,N/A
Peaches,2019,09,2019 Sep,2.050,-3.9
Peaches,2020,08,2020 Aug,2.088,N/A
Strawberries,2008,01,2008 Jan,3.024,32.4
Strawberries,2008,02,2008 Feb,2.821,1.5
Strawberries,2008,03,2008 Mar,2.073,-32.5
Strawberries,2008,04,2008 Apr,1.777,-41.2
Strawberries,2008,05,2008 May,1.831,-35.1
Strawberries,2008,06,2008 Jun,1.908,-8.0
Strawberries,2008,07,2008 Jul,1.880,5.8
Strawberries,2008,08,2008 Aug,2.085,13.9
Strawberries,2008,09,2008 Sep,2.177,14.1
Strawberries,2008,10,2008 Oct,2.320,23.4
Strawberries,2008,11,2008 Nov,2.547,22.2
Strawberries,2008,12,2008 Dec,3.009,38.2
Strawberries,2009,01,2009 Jan,2.613,12.6
Strawberries,2009,02,2009 Feb,2.447,-3.9
Strawberries,2009,03,2009 Mar,2.070,-31.2
Strawberries,2009,04,2009 Apr,1.849,-29.2
Strawberries,2009,05,2009 May,1.724,-29.5
Strawberries,2009,06,2009 Jun,1.695,-18.1
Strawberries,2009,07,2009 Jul,1.639,-11.4
Strawberries,2009,08,2009 Aug,1.788,3.7
Strawberries,2009,09,2009 Sep,1.887,11.3
Strawberries,2009,10,2009 Oct,2.102,28.2
Strawberries,2009,11,2009 Nov,2.641,47.7
Strawberries,2009,12,2009 Dec,2.721,44.2
Strawberries,2010,01,2010 Jan,2.854,35.8
Strawberries,2010,02,2010 Feb,2.700,2.2
Strawberries,2010,03,2010 Mar,2.194,-19.4
Strawberries,2010,04,2010 Apr,1.667,-41.6
Strawberries,2010,05,2010 May,1.753,-35.1
Strawberries,2010,06,2010 Jun,1.734,-21.0
Strawberries,2010,07,2010 Jul,1.675,0.5
Strawberries,2010,08,2010 Aug,1.839,4.9
Strawberries,2010,09,2010 Sep,1.896,9.3
Strawberries,2010,10,2010 Oct,2.095,25.1
Strawberries,2010,11,2010 Nov,2.746,49.3
Strawberries,2010,12,2010 Dec,3.073,62.1
Strawberries,2011,01,2011 Jan,3.003,43.3
Strawberries,2011,02,2011 Feb,2.417,-12.0
Strawberries,2011,03,2011 Mar,1.994,-35.1
Strawberries,2011,04,2011 Apr,1.816,-39.5
Strawberries,2011,05,2011 May,1.677,-30.6
Strawberries,2011,06,2011 Jun,1.613,-19.1
Strawberries,2011,07,2011 Jul,1.618,-10.9
Strawberries,2011,08,2011 Aug,1.794,7.0
Strawberries,2011,09,2011 Sep,1.983,22.9
Strawberries,2011,10,2011 Oct,2.060,27.3
Strawberries,2011,11,2011 Nov,2.444,36.2
Strawberries,2011,12,2011 Dec,2.485,25.3
Strawberries,2012,01,2012 Jan,2.225,8.0
Strawberries,2012,02,2012 Feb,2.041,-16.5
Strawberries,2012,03,2012 Mar,1.893,-23.8
Strawberries,2012,04,2012 Apr,1.807,-18.8
Strawberries,2012,05,2012 May,1.653,-19.0
Strawberries,2012,06,2012 Jun,1.706,-9.9
Strawberries,2012,07,2012 Jul,1.594,-11.8
Strawberries,2012,08,2012 Aug,1.709,3.4
Strawberries,2012,09,2012 Sep,1.936,13.5
Strawberries,2012,10,2012 Oct,2.015,26.4
Strawberries,2012,11,2012 Nov,2.455,43.7
Strawberries,2012,12,2012 Dec,2.876,48.6
Strawberries,2013,01,2013 Jan,2.152,6.8
Strawberries,2013,02,2013 Feb,1.895,-22.8
Strawberries,2013,03,2013 Mar,1.991,-30.8
Strawberries,2013,04,2013 Apr,1.784,-17.1
Strawberries,2013,05,2013 May,1.647,-13.1
Strawberries,2013,06,2013 Jun,1.686,-15.3
Strawberries,2013,07,2013 Jul,1.691,-5.2
Strawberries,2013,08,2013 Aug,1.917,16.4
Strawberries,2013,09,2013 Sep,2.132,26.5
Strawberries,2013,11,2013 Nov,2.500,30.4
Strawberries,2013,12,2013 Dec,2.865,34.4
Strawberries,2014,01,2014 Jan,2.639,N/A
Strawberries,2014,02,2014 Feb,2.112,-15.5
Strawberries,2014,03,2014 Mar,1.771,-38.2
Strawberries,2014,04,2014 Apr,1.713,-35.1
Strawberries,2014,05,2014 May,1.892,-10.4
Strawberries,2014,06,2014 Jun,1.838,3.8
Strawberries,2014,07,2014 Jul,1.868,9.0
Strawberries,2014,08,2014 Aug,1.968,4.0
Strawberries,2014,09,2014 Sep,2.578,40.3
Strawberries,2014,10,2014 Oct,2.677,43.3
Strawberries,2014,11,2014 Nov,2.846,44.6
Strawberries,2014,12,2014 Dec,3.563,38.2
Strawberries,2015,01,2015 Jan,2.454,-8.3
Strawberries,2015,02,2015 Feb,2.090,-26.6
Strawberries,2015,03,2015 Mar,1.664,-53.3
Strawberries,2015,04,2015 Apr,1.852,-24.5
Strawberries,2015,05,2015 May,2.087,-0.1
Strawberries,2015,06,2015 Jun,1.735,4.3
Strawberries,2015,07,2015 Jul,1.798,-2.9
Strawberries,2015,08,2015 Aug,2.283,9.4
Strawberries,2015,09,2015 Sep,2.385,37.5
Strawberries,2015,10,2015 Oct,2.523,40.3
Strawberries,2015,12,2015 Dec,3.502,46.8
Strawberries,2016,01,2016 Jan,2.920,15.7
Strawberries,2016,02,2016 Feb,3.149,N/A
Strawberries,2016,03,2016 Mar,2.031,-42.0
Strawberries,2016,04,2016 Apr,2.152,-26.3
Strawberries,2016,05,2016 May,2.252,-28.5
Strawberries,2016,06,2016 Jun,1.924,-5.3
Strawberries,2016,07,2016 Jul,1.942,-9.8
Strawberries,2016,08,2016 Aug,2.169,-3.7
Strawberries,2016,09,2016 Sep,2.021,5.0
Strawberries,2016,10,2016 Oct,2.216,14.1
Strawberries,2016,11,2016 Nov,3.165,45.9
Strawberries,2016,12,2016 Dec,3.282,62.4
Strawberries,2017,01,2017 Jan,2.612,17.9
Strawberries,2017,02,2017 Feb,2.367,-25.2
Strawberries,2017,03,2017 Mar,2.318,-29.4
Strawberries,2017,04,2017 Apr,2.204,-15.6
Strawberries,2017,05,2017 May,2.060,-13.0
Strawberries,2017,06,2017 Jun,1.952,-15.8
Strawberries,2017,07,2017 Jul,2.036,-7.6
Strawberries,2017,08,2017 Aug,1.979,-3.9
Strawberries,2017,09,2017 Sep,2.256,15.6
Strawberries,2017,10,2017 Oct,2.335,14.7
Strawberries,2017,11,2017 Nov,2.863,44.7
Strawberries,2017,12,2017 Dec,3.089,36.9
Strawberries,2018,01,2018 Jan,2.872,23.0
Strawberries,2018,02,2018 Feb,2.492,-13.0
Strawberries,2018,03,2018 Mar,2.227,-27.9
Strawberries,2018,04,2018 Apr,2.475,-13.8
Strawberries,2018,05,2018 May,2.079,-16.6
Strawberries,2018,06,2018 Jun,1.938,-13.0
Strawberries,2018,07,2018 Jul,2.007,-18.9
Strawberries,2018,08,2018 Aug,2.004,-3.6
Strawberries,2018,09,2018 Sep,2.147,10.8
Strawberries,2018,10,2018 Oct,2.216,10.4
Strawberries,2018,11,2018 Nov,2.502,24.9
Strawberries,2018,12,2018 Dec,3.166,47.5
Strawberries,2019,01,2019 Jan,3.279,48.0
Strawberries,2019,02,2019 Feb,2.872,14.8
Strawberries,2019,03,2019 Mar,2.475,-21.8
Strawberries,2019,04,2019 Apr,2.504,-23.6
Strawberries,2019,05,2019 May,1.972,-31.3
Strawberries,2019,06,2019 Jun,2.066,-16.5
Strawberries,2019,07,2019 Jul,2.111,-15.7
Strawberries,2019,08,2019 Aug,2.010,1.9
Strawberries,2019,09,2019 Sep,2.153,4.2
Strawberries,2019,10,2019 Oct,2.402,13.8
Strawberries,2019,11,2019 Nov,2.604,29.6
Strawberries,2019,12,2019 Dec,3.096,43.8
Strawberries,2020,01,2020 Jan,2.884,20.1
Strawberries,2020,02,2020 Feb,2.558,-1.8
Strawberries,2020,03,2020 Mar,2.367,-23.5
Strawberries,2020,05,2020 May,2.174,-15.0
Strawberries,2020,06,2020 Jun,2.020,-14.7
Strawberries,2020,07,2020 Jul,2.020,N/A
Strawberries,2020,08,2020 Aug,2.214,1.8
Strawberries,2020,09,2020 Sep,2.234,10.6
Strawberries,2020,10,2020 Oct,2.745,35.9
Strawberries,2020,11,2020 Nov,2.934,32.5
Strawberries,2020,12,2020 Dec,3.290,47.3
Strawberries,2021,01,2021 Jan,3.044,10.9
Strawberries,2021,02,2021 Feb,2.893,-1.4
Strawberries,2021,03,2021 Mar,2.700,-17.9
Strawberries,2021,04,2021 Apr,2.803,-7.9
Strawberries,2021,05,2021 May,2.648,-8.5
Strawberries,2021,06,2021 Jun,2.318,-14.1
Strawberries,2021,07,2021 Jul,2.256,-19.5
Strawberries,2021,08,2021 Aug,2.434,-8.1
Strawberries,2021,09,2021 Sep,2.454,5.9
Strawberries,2021,10,2021 Oct,2.687,19.1
Strawberries,2021,11,2021 Nov,3.079,26.5
Strawberries,2022,01,2022 Jan,3.106,15.6
Strawberries,2022,02,2022 Feb,3.045,-1.1
Strawberries,2022,03,2022 Mar,2.711,N/A
Strawberries,2022,04,2022 Apr,2.777,-10.6
Strawberries,2022,05,2022 May,2.438,-19.9
Strawberries,2022,06,2022 Jun,2.317,-14.5
Strawberries,2022,07,2022 Jul,2.208,-20.5
Strawberries,2022,08,2022 Aug,2.558,4.9
Strawberries,2022,09,2022 Sep,2.782,20.1
Strawberries,2022,10,2022 Oct,3.108,40.8
Strawberries,2022,11,2022 Nov,3.631,41.9
Strawberries,2022,12,2022 Dec,3.856,38.6
Strawberries,2023,01,2023 Jan,3.467,11.6
Strawberries,2023,02,2023 Feb,3.169,-12.7
Strawberries,2023,03,2023 Mar,2.649,-31.3
Strawberries,2023,04,2023 Apr,2.894,-16.5
Strawberries,2023,05,2023 May,2.668,-15.8
Strawberries,2023,06,2023 Jun,2.499,-5.7
Strawberries,2023,07,2023 Jul,2.421,-16.3
Strawberries,2023,08,2023 Aug,2.609,-2.2
Strawberries,2023,09,2023 Sep,2.628,5.2
Grapes,2008,01,2008 Jan,3.411,61.4
Grapes,2008,02,2008 Feb,2.219,-18.4
Grapes,2008,03,2008 Mar,1.936,N/A
Grapes,2008,04,2008 Apr,2.282,-33.1
Grapes,2008,05,2008 May,2.530,14.0
Grapes,2008,06,2008 Jun,2.062,6.5
Grapes,2008,07,2008 Jul,1.875,-17.8
Grapes,2008,08,2008 Aug,1.800,-28.9
Grapes,2008,09,2008 Sep,1.707,-17.2
Grapes,2008,10,2008 Oct,1.972,5.2
Grapes,2008,11,2008 Nov,2.289,27.2
Grapes,2008,12,2008 Dec,2.459,44.1
Grapes,2009,01,2009 Jan,2.169,10.0
Grapes,2009,02,2009 Feb,1.987,-13.2
Grapes,2009,03,2009 Mar,1.803,-26.7
Grapes,2009,04,2009 Apr,1.894,-12.7
Grapes,2009,05,2009 May,2.431,22.3
Grapes,2009,06,2009 Jun,2.190,21.5
Grapes,2009,07,2009 Jul,1.915,1.1
Grapes,2009,08,2009 Aug,1.615,-33.6
Grapes,2009,09,2009 Sep,1.638,-25.2
Grapes,2009,10,2009 Oct,2.009,4.9
Grapes,2009,11,2009 Nov,2.523,56.2
Grapes,2009,12,2009 Dec,3.137,91.5
Grapes,2010,01,2010 Jan,3.070,52.8
Grapes,2010,02,2010 Feb,2.236,-11.4
Grapes,2010,03,2010 Mar,2.526,-19.5
Grapes,2010,04,2010 Apr,2.070,-32.6
Grapes,2010,05,2010 May,2.486,11.2
Grapes,2010,06,2010 Jun,2.081,-17.6
Grapes,2010,07,2010 Jul,1.618,-21.8
Grapes,2010,08,2010 Aug,1.489,-40.1
Grapes,2010,09,2010 Sep,1.622,-22.1
Grapes,2010,10,2010 Oct,1.805,11.6
Grapes,2010,11,2010 Nov,2.295,54.1
Grapes,2010,12,2010 Dec,2.871,77.0
Grapes,2011,01,2011 Jan,3.002,66.3
Grapes,2011,02,2011 Feb,2.393,4.3
Grapes,2011,03,2011 Mar,2.209,-23.1
Grapes,2011,04,2011 Apr,2.196,-26.8
Grapes,2011,05,2011 May,2.828,18.2
Grapes,2011,06,2011 Jun,2.378,7.7
Grapes,2011,07,2011 Jul,2.452,11.7
Grapes,2011,08,2011 Aug,2.033,-28.1
Grapes,2011,09,2011 Sep,1.849,-22.2
Grapes,2011,10,2011 Oct,2.079,-15.2
Grapes,2011,11,2011 Nov,2.347,15.4
Grapes,2011,12,2011 Dec,2.860,54.7
Grapes,2012,01,2012 Jan,2.648,27.4
Grapes,2012,02,2012 Feb,2.294,-2.3
Grapes,2012,03,2012 Mar,2.151,-24.8
Grapes,2012,04,2012 Apr,2.687,1.5
Grapes,2012,05,2012 May,3.054,33.1
Grapes,2012,06,2012 Jun,2.617,21.7
Grapes,2012,07,2012 Jul,2.268,-15.6
Grapes,2012,08,2012 Aug,1.961,-35.8
Grapes,2012,09,2012 Sep,1.988,-24.0
Grapes,2012,10,2012 Oct,2.340,3.2
Grapes,2012,11,2012 Nov,2.758,40.6
Grapes,2012,12,2012 Dec,3.085,55.2
Grapes,2013,01,2013 Jan,3.035,29.7
Grapes,2013,02,2013 Feb,3.148,14.1
Grapes,2013,03,2013 Mar,2.413,-21.8
Grapes,2013,04,2013 Apr,2.452,-19.2
Grapes,2013,05,2013 May,3.008,-4.4
Grapes,2013,06,2013 Jun,2.533,5.0
Grapes,2013,07,2013 Jul,2.193,-10.6
Grapes,2013,08,2013 Aug,1.821,-39.5
Grapes,2013,09,2013 Sep,1.847,-27.1
Grapes,2013,11,2013 Nov,2.412,32.5
Grapes,2013,12,2013 Dec,2.568,39.0
Grapes,2014,01,2014 Jan,2.807,N/A
Grapes,2014,02,2014 Feb,2.872,19.1
Grapes,2014,03,2014 Mar,2.694,4.9
Grapes,2014,04,2014 Apr,3.059,9.0
Grapes,2014,05,2014 May,3.158,10.0
Grapes,2014,06,2014 Jun,2.465,-8.5
Grapes,2014,07,2014 Jul,2.356,-23.0
Grapes,2014,08,2014 Aug,2.132,-32.5
Grapes,2014,09,2014 Sep,2.173,-11.8
Grapes,2014,10,2014 Oct,2.429,3.1
Grapes,2014,11,2014 Nov,2.568,20.5
Grapes,2014,12,2014 Dec,2.959,36.2
Grapes,2015,01,2015 Jan,3.209,32.1
Grapes,2015,02,2015 Feb,3.006,17.1
Grapes,2015,03,2015 Mar,2.653,-10.3
Grapes,2015,04,2015 Apr,2.737,-14.7
Grapes,2015,05,2015 May,3.001,-0.2
Grapes,2015,06,2015 Jun,2.515,-5.2
Grapes,2015,07,2015 Jul,2.328,-14.9
Grapes,2015,08,2015 Aug,2.100,-30.0
Grapes,2015,09,2015 Sep,2.130,-15.3
Grapes,2015,10,2015 Oct,2.160,-7.2
Grapes,2015,11,2015 Nov,2.424,15.4
Grapes,2015,12,2015 Dec,2.833,33.0
Grapes,2016,01,2016 Jan,3.535,63.7
Grapes,2016,02,2016 Feb,3.614,49.1
Grapes,2016,03,2016 Mar,3.016,6.5
Grapes,2016,04,2016 Apr,2.810,-20.5
Grapes,2016,05,2016 May,3.411,-5.6
Grapes,2016,06,2016 Jun,2.654,-12.0
Grapes,2016,07,2016 Jul,2.359,-16.0
Grapes,2016,08,2016 Aug,2.155,-36.8
Grapes,2016,09,2016 Sep,2.061,-22.3
Grapes,2016,10,2016 Oct,2.145,-9.1
Grapes,2016,11,2016 Nov,2.455,13.9
Grapes,2016,12,2016 Dec,2.878,39.6
Grapes,2017,01,2017 Jan,3.238,51.0
Grapes,2017,02,2017 Feb,2.836,15.5
Grapes,2017,03,2017 Mar,2.562,-11.0
Grapes,2017,04,2017 Apr,3.117,-3.7
Grapes,2017,05,2017 May,3.331,17.5
Grapes,2017,06,2017 Jun,2.489,-2.8
Grapes,2017,07,2017 Jul,2.420,-22.4
Grapes,2017,08,2017 Aug,2.213,-33.6
Grapes,2017,09,2017 Sep,2.185,-12.2
Grapes,2017,10,2017 Oct,2.302,-4.9
Grapes,2017,11,2017 Nov,2.389,8.0
Grapes,2017,12,2017 Dec,2.606,19.3
Grapes,2018,01,2018 Jan,3.023,31.3
Grapes,2018,02,2018 Feb,2.900,21.4
Grapes,2018,03,2018 Mar,2.602,-0.2
Grapes,2018,04,2018 Apr,2.817,-6.8
Grapes,2018,05,2018 May,3.136,8.1
Grapes,2018,06,2018 Jun,2.829,8.7
Grapes,2018,07,2018 Jul,2.774,-1.5
Grapes,2018,08,2018 Aug,2.282,-27.2
Grapes,2018,09,2018 Sep,2.208,-22.0
Grapes,2018,10,2018 Oct,2.088,-24.7
Grapes,2018,11,2018 Nov,2.060,-9.7
Grapes,2018,12,2018 Dec,2.283,3.4
Grapes,2019,01,2019 Jan,2.589,24.0
Grapes,2019,02,2019 Feb,2.763,34.1
Grapes,2019,03,2019 Mar,2.746,20.3
Grapes,2019,04,2019 Apr,2.919,12.7
Grapes,2019,05,2019 May,3.123,13.0
Grapes,2019,06,2019 Jun,2.675,-2.6
Grapes,2019,07,2019 Jul,2.150,-26.3
Grapes,2019,08,2019 Aug,2.023,-35.2
Grapes,2019,09,2019 Sep,1.919,-28.3
Grapes,2019,10,2019 Oct,1.954,-9.1
Grapes,2019,11,2019 Nov,2.097,3.7
Grapes,2019,12,2019 Dec,2.386,24.3
Grapes,2020,01,2020 Jan,2.751,40.8
Grapes,2020,02,2020 Feb,2.572,22.7
Grapes,2020,03,2020 Mar,2.519,5.6
Grapes,2020,06,2020 Jun,2.117,-16.0
Grapes,2020,07,2020 Jul,2.121,N/A
Grapes,2020,08,2020 Aug,2.183,N/A
Grapes,2020,09,2020 Sep,1.955,-7.7
Grapes,2020,10,2020 Oct,2.183,2.9
Grapes,2020,11,2020 Nov,2.229,2.1
Grapes,2020,12,2020 Dec,2.204,12.7
Grapes,2021,01,2021 Jan,2.501,14.6
Grapes,2021,02,2021 Feb,2.503,12.3
Grapes,2021,03,2021 Mar,2.602,18.1
Grapes,2021,06,2021 Jun,2.754,5.8
Grapes,2021,07,2021 Jul,2.177,N/A
Grapes,2021,08,2021 Aug,2.326,N/A
Grapes,2021,09,2021 Sep,2.359,-14.3
Cherries,2008,06,2008 Jun,3.716,N/A
Cherries,2008,07,2008 Jul,3.723,N/A
Cherries,2009,01,2009 Jan,3.881,N/A
Cherries,2009,06,2009 Jun,3.252,N/A
Cherries,2009,07,2009 Jul,2.348,N/A
Cherries,2009,08,2009 Aug,2.472,N/A
Cherries,2010,06,2010 Jun,3.291,N/A
Cherries,2010,07,2010 Jul,3.117,N/A
Cherries,2010,08,2010 Aug,3.314,N/A
Cherries,2011,06,2011 Jun,3.828,N/A
Cherries,2011,07,2011 Jul,3.433,N/A
Cherries,2011,08,2011 Aug,2.953,N/A
Cherries,2012,06,2012 Jun,3.946,N/A
Cherries,2012,07,2012 Jul,2.923,N/A
Cherries,2012,08,2012 Aug,2.997,N/A
Cherries,2013,06,2013 Jun,4.495,N/A
Cherries,2013,07,2013 Jul,3.745,N/A
Cherries,2013,08,2013 Aug,3.904,N/A
Cherries,2015,06,2015 Jun,3.885, N/A
Cherries,2015,07,2015 Jul,3.315,N/A
Cherries,2016,06,2016 Jun,3.828,N/A
Cherries,2016,07,2016 Jul,3.104,N/A
Cherries,2017,06,2017 Jun,4.534,N/A
Cherries,2017,07,2017 Jul,3.392,N/A
Cherries,2017,08,2017 Aug,3.388,N/A
Cherries,2018,06,2018 Jun,4.696,N/A
Cherries,2018,07,2018 Jul,3.700,N/A
Cherries,2019,06,2019 Jun,4.647,N/A
Cherries,2019,07,2019 Jul,3.229,N/A
Lettuce--iceberg,2008,01,2008 Jan,0.950,-10.9
Lettuce--iceberg,2008,02,2008 Feb,0.895,-9.4
Lettuce--iceberg,2008,03,2008 Mar,0.873,-8.0
Lettuce--iceberg,2008,04,2008 Apr,0.902,-5.1
Lettuce--iceberg,2008,05,2008 May,0.868,-3.0
Lettuce--iceberg,2008,06,2008 Jun,0.860,-1.5
Lettuce--iceberg,2008,07,2008 Jul,0.875,-3.0
Lettuce--iceberg,2008,08,2008 Aug,0.878,1.2
Lettuce--iceberg,2008,09,2008 Sep,0.906,5.3
Lettuce--iceberg,2008,10,2008 Oct,1.001,14.4
Lettuce--iceberg,2008,11,2008 Nov,0.979,11.5
Lettuce--iceberg,2008,12,2008 Dec,0.877,-3.2
Lettuce--iceberg,2009,01,2009 Jan,0.944,-5.7
Lettuce--iceberg,2009,02,2009 Feb,0.930,-5.0
Lettuce--iceberg,2009,03,2009 Mar,0.875,-0.2
Lettuce--iceberg,2009,04,2009 Apr,0.907,-3.9
Lettuce--iceberg,2009,05,2009 May,0.887,-4.6
Lettuce--iceberg,2009,06,2009 Jun,0.876,0.1
Lettuce--iceberg,2009,07,2009 Jul,0.855,-5.7
Lettuce--iceberg,2009,08,2009 Aug,0.842,-5.1
Lettuce--iceberg,2009,09,2009 Sep,0.805,-8.1
Lettuce--iceberg,2009,10,2009 Oct,0.844,-1.3
Lettuce--iceberg,2009,11,2009 Nov,1.009,19.8
Lettuce--iceberg,2009,12,2009 Dec,1.186,47.3
Lettuce--iceberg,2010,01,2010 Jan,0.896,6.2
Lettuce--iceberg,2010,02,2010 Feb,0.839,-16.8
Lettuce--iceberg,2010,03,2010 Mar,0.858,-27.7
Lettuce--iceberg,2010,04,2010 Apr,0.830,-7.4
Lettuce--iceberg,2010,05,2010 May,0.837,-0.2
Lettuce--iceberg,2010,06,2010 Jun,0.887,3.4
Lettuce--iceberg,2010,07,2010 Jul,0.853,2.8
Lettuce--iceberg,2010,08,2010 Aug,0.839,0.2
Lettuce--iceberg,2010,09,2010 Sep,0.830,-6.4
Lettuce--iceberg,2010,10,2010 Oct,0.870,2.0
Lettuce--iceberg,2010,11,2010 Nov,0.965,15.0
Lettuce--iceberg,2010,12,2010 Dec,0.992,19.5
Lettuce--iceberg,2011,01,2011 Jan,0.940,8.0
Lettuce--iceberg,2011,02,2011 Feb,1.142,18.3
Lettuce--iceberg,2011,03,2011 Mar,1.277,28.7
Lettuce--iceberg,2011,04,2011 Apr,1.057,12.4
Lettuce--iceberg,2011,05,2011 May,0.962,-15.8
Lettuce--iceberg,2011,06,2011 Jun,0.967,-24.3
Lettuce--iceberg,2011,07,2011 Jul,0.897,-15.1
Lettuce--iceberg,2011,08,2011 Aug,0.902,-6.2
Lettuce--iceberg,2011,09,2011 Sep,0.899,-7.0
Lettuce--iceberg,2011,10,2011 Oct,0.915,2.0
Lettuce--iceberg,2011,11,2011 Nov,0.961,6.5
Lettuce--iceberg,2011,12,2011 Dec,0.947,5.3
Lettuce--iceberg,2012,01,2012 Jan,0.942,3.0
Lettuce--iceberg,2012,02,2012 Feb,0.798,-17.0
Lettuce--iceberg,2012,03,2012 Mar,0.805,-15.0
Lettuce--iceberg,2012,04,2012 Apr,0.783,-16.9
Lettuce--iceberg,2012,05,2012 May,0.826,3.5
Lettuce--iceberg,2012,06,2012 Jun,0.904,12.3
Lettuce--iceberg,2012,07,2012 Jul,0.860,9.8
Lettuce--iceberg,2012,08,2012 Aug,0.878,6.3
Lettuce--iceberg,2012,09,2012 Sep,0.892,-1.3
Lettuce--iceberg,2012,10,2012 Oct,0.835,-2.9
Lettuce--iceberg,2012,11,2012 Nov,0.893,1.7
Lettuce--iceberg,2012,12,2012 Dec,0.868,-2.7
Lettuce--iceberg,2013,01,2013 Jan,1.002,20.0
Lettuce--iceberg,2013,02,2013 Feb,1.096,22.7
Lettuce--iceberg,2013,03,2013 Mar,1.195,37.7
Lettuce--iceberg,2013,04,2013 Apr,0.972,-3.0
Lettuce--iceberg,2013,05,2013 May,0.924,-15.7
Lettuce--iceberg,2013,06,2013 Jun,0.929,-22.3
Lettuce--iceberg,2013,07,2013 Jul,0.930,-4.3
Lettuce--iceberg,2013,08,2013 Aug,1.077,16.6
Lettuce--iceberg,2013,09,2013 Sep,0.980,5.5
Lettuce--iceberg,2013,11,2013 Nov,1.066,-1.0
Lettuce--iceberg,2013,12,2013 Dec,0.990,1.0
Lettuce--iceberg,2014,01,2014 Jan,0.924,N/A
Lettuce--iceberg,2014,02,2014 Feb,0.919,-13.8
Lettuce--iceberg,2014,03,2014 Mar,0.926,-6.5
Lettuce--iceberg,2014,04,2014 Apr,0.896,-3.0
Lettuce--iceberg,2014,05,2014 May,0.993,8.1
Lettuce--iceberg,2014,06,2014 Jun,1.121,21.1
Lettuce--iceberg,2014,07,2014 Jul,1.108,23.7
Lettuce--iceberg,2014,08,2014 Aug,1.111,11.9
Lettuce--iceberg,2014,09,2014 Sep,1.139,1.6
Lettuce--iceberg,2014,10,2014 Oct,1.125,1.5
Lettuce--iceberg,2014,11,2014 Nov,1.264,13.8
Lettuce--iceberg,2014,12,2014 Dec,1.107,-2.8
Lettuce--iceberg,2015,01,2015 Jan,1.174,4.4
Lettuce--iceberg,2015,02,2015 Feb,1.138,-10.0
Lettuce--iceberg,2015,03,2015 Mar,1.050,-5.1
Lettuce--iceberg,2015,04,2015 Apr,0.993,-15.4
Lettuce--iceberg,2015,05,2015 May,1.055,-7.3
Lettuce--iceberg,2015,06,2015 Jun,1.074,2.3
Lettuce--iceberg,2015,07,2015 Jul,1.049,5.6
Lettuce--iceberg,2015,08,2015 Aug,1.096,3.9
Lettuce--iceberg,2015,09,2015 Sep,1.223,13.9
Lettuce--iceberg,2015,10,2015 Oct,1.245,18.7
Lettuce--iceberg,2015,11,2015 Nov,1.361,24.2
Lettuce--iceberg,2015,12,2015 Dec,1.480,21.0
Lettuce--iceberg,2016,01,2016 Jan,1.417,13.8
Lettuce--iceberg,2016,02,2016 Feb,1.213,-10.9
Lettuce--iceberg,2016,03,2016 Mar,1.065,-28.0
Lettuce--iceberg,2016,04,2016 Apr,1.018,-28.2
Lettuce--iceberg,2016,05,2016 May,1.089,-10.2
Lettuce--iceberg,2016,06,2016 Jun,1.015,-4.7
Lettuce--iceberg,2016,07,2016 Jul,0.995,-2.3
Lettuce--iceberg,2016,08,2016 Aug,0.994,-8.7
Lettuce--iceberg,2016,09,2016 Sep,0.950,-6.4
Lettuce--iceberg,2016,10,2016 Oct,0.949,-4.6
Lettuce--iceberg,2016,11,2016 Nov,1.042,4.8
Lettuce--iceberg,2016,12,2016 Dec,1.016,6.9
Lettuce--iceberg,2017,01,2017 Jan,0.985,3.8
Lettuce--iceberg,2017,02,2017 Feb,1.045,0.3
Lettuce--iceberg,2017,03,2017 Mar,1.025,0.9
Lettuce--iceberg,2017,04,2017 Apr,1.231,25.0
Lettuce--iceberg,2017,05,2017 May,1.151,10.1
Lettuce--iceberg,2017,06,2017 Jun,1.011,-1.4
Lettuce--iceberg,2017,07,2017 Jul,0.957,-22.3
Lettuce--iceberg,2017,08,2017 Aug,0.938,-18.5
Lettuce--iceberg,2017,09,2017 Sep,0.943,-6.7
Lettuce--iceberg,2017,10,2017 Oct,1.014,6.0
Lettuce--iceberg,2017,11,2017 Nov,1.044,11.3
Lettuce--iceberg,2017,12,2017 Dec,1.008,6.9
Lettuce--iceberg,2018,01,2018 Jan,0.922,-9.1
Lettuce--iceberg,2018,02,2018 Feb,0.894,-14.4
Lettuce--iceberg,2018,03,2018 Mar,0.889,-11.8
Lettuce--iceberg,2018,04,2018 Apr,0.906,-1.7
Lettuce--iceberg,2018,05,2018 May,0.968,8.3
Lettuce--iceberg,2018,06,2018 Jun,0.890,0.1
Lettuce--iceberg,2018,07,2018 Jul,0.903,-0.3
Lettuce--iceberg,2018,08,2018 Aug,0.913,-5.7
Lettuce--iceberg,2018,09,2018 Sep,0.876,-1.6
Lettuce--iceberg,2018,10,2018 Oct,0.910,0.8
Lettuce--iceberg,2018,11,2018 Nov,1.007,10.3
Lettuce--iceberg,2018,12,2018 Dec,1.250,42.7
Lettuce--iceberg,2019,01,2019 Jan,1.161,27.6
Lettuce--iceberg,2019,02,2019 Feb,1.114,10.6
Lettuce--iceberg,2019,03,2019 Mar,1.301,4.1
Lettuce--iceberg,2019,04,2019 Apr,1.213,4.5
Lettuce--iceberg,2019,05,2019 May,1.108,-0.5
Lettuce--iceberg,2019,06,2019 Jun,1.083,-16.8
Lettuce--iceberg,2019,07,2019 Jul,1.207,-0.5
Lettuce--iceberg,2019,08,2019 Aug,1.143,3.2
Lettuce--iceberg,2019,09,2019 Sep,1.107,2.2
Lettuce--iceberg,2019,10,2019 Oct,1.134,-6.0
Lettuce--iceberg,2019,11,2019 Nov,1.337,17.0
Lettuce--iceberg,2019,12,2019 Dec,1.304,17.8
Lettuce--iceberg,2020,01,2020 Jan,1.341,18.3
Lettuce--iceberg,2020,02,2020 Feb,1.248,-6.7
Lettuce--iceberg,2023,05,2023 May,1.700, N/A
Lettuce--iceberg,2023,06,2023 Jun,1.605,N/A
Lettuce--iceberg,2023,07,2023 Jul,1.666,N/A
Lettuce--iceberg,2023,08,2023 Aug,1.596,-6.1
Lettuce--iceberg,2023,09,2023 Sep,1.660,3.4
Tomatoes,2008,01,2008 Jan,2.032,23.2
Tomatoes,2008,02,2008 Feb,1.735,-6.3
Tomatoes,2008,03,2008 Mar,1.835,-14.5
Tomatoes,2008,04,2008 Apr,1.773,-12.7
Tomatoes,2008,05,2008 May,1.675,-3.5
Tomatoes,2008,06,2008 Jun,1.814,-1.1
Tomatoes,2008,07,2008 Jul,1.713,-3.4
Tomatoes,2008,08,2008 Aug,1.694,1.1
Tomatoes,2008,09,2008 Sep,1.591,-12.3
Tomatoes,2008,10,2008 Oct,1.611,-6.0
Tomatoes,2008,11,2008 Nov,1.722,1.7
Tomatoes,2008,12,2008 Dec,1.734,9.0
Tomatoes,2009,01,2009 Jan,1.661,3.1
Tomatoes,2009,02,2009 Feb,1.556,-9.6
Tomatoes,2009,03,2009 Mar,1.511,-12.9
Tomatoes,2009,04,2009 Apr,1.591,-4.2
Tomatoes,2009,05,2009 May,1.584,1.8
Tomatoes,2009,06,2009 Jun,1.604,6.2
Tomatoes,2009,07,2009 Jul,1.618,1.7
Tomatoes,2009,08,2009 Aug,1.528,-3.5
Tomatoes,2009,09,2009 Sep,1.538,-4.1
Tomatoes,2009,10,2009 Oct,1.595,-1.4
Tomatoes,2009,11,2009 Nov,1.726,13.0
Tomatoes,2009,12,2009 Dec,1.961,27.5
Tomatoes,2010,01,2010 Jan,1.837,15.2
Tomatoes,2010,02,2010 Feb,1.765,2.3
Tomatoes,2010,03,2010 Mar,2.007,2.3
Tomatoes,2010,04,2010 Apr,2.132,16.1
Tomatoes,2010,05,2010 May,1.918,8.7
Tomatoes,2010,06,2010 Jun,1.586,-21.0
Tomatoes,2010,07,2010 Jul,1.544,-27.6
Tomatoes,2010,08,2010 Aug,1.405,-26.7
Tomatoes,2010,09,2010 Sep,1.503,-5.2
Tomatoes,2010,10,2010 Oct,1.502,-2.7
Tomatoes,2010,11,2010 Nov,1.519,8.1
Tomatoes,2010,12,2010 Dec,1.591,5.9
Tomatoes,2011,01,2011 Jan,1.590,5.9
Tomatoes,2011,02,2011 Feb,1.832,20.6
Tomatoes,2011,03,2011 Mar,2.086,31.1
Tomatoes,2011,04,2011 Apr,2.270,42.8
Tomatoes,2011,05,2011 May,1.794,-2.1
Tomatoes,2011,06,2011 Jun,1.559,-25.3
Tomatoes,2011,07,2011 Jul,1.442,-36.5
Tomatoes,2011,08,2011 Aug,1.420,-20.8
Tomatoes,2011,09,2011 Sep,1.503,-3.6
Tomatoes,2011,10,2011 Oct,1.465,1.6
Tomatoes,2011,11,2011 Nov,1.516,6.8
Tomatoes,2011,12,2011 Dec,1.531,1.9
Tomatoes,2012,01,2012 Jan,1.542,5.3
Tomatoes,2012,02,2012 Feb,1.433,-5.5
Tomatoes,2012,03,2012 Mar,1.452,-5.2
Tomatoes,2012,04,2012 Apr,1.388,-10.0
Tomatoes,2012,05,2012 May,1.336,-6.8
Tomatoes,2012,06,2012 Jun,1.492,2.8
Tomatoes,2012,07,2012 Jul,1.506,8.5
Tomatoes,2012,08,2012 Aug,1.440,7.8
Tomatoes,2012,09,2012 Sep,1.384,-7.2
Tomatoes,2012,10,2012 Oct,1.443,-4.2
Tomatoes,2012,11,2012 Nov,1.469,2.0
Tomatoes,2012,12,2012 Dec,1.594,15.2
Tomatoes,2013,01,2013 Jan,1.545,7.1
Tomatoes,2013,02,2013 Feb,1.497,1.9
Tomatoes,2013,03,2013 Mar,1.493,-6.3
Tomatoes,2013,04,2013 Apr,1.460,-5.5
Tomatoes,2013,05,2013 May,1.454,-2.9
Tomatoes,2013,06,2013 Jun,1.470,-1.5
Tomatoes,2013,07,2013 Jul,1.430,-2.1
Tomatoes,2013,08,2013 Aug,1.509,3.8
Tomatoes,2013,09,2013 Sep,1.566,6.5
Tomatoes,2013,11,2013 Nov,1.700,12.7
Tomatoes,2013,12,2013 Dec,1.727,10.3
Tomatoes,2014,01,2014 Jan,1.702,N/A
Tomatoes,2014,02,2014 Feb,1.672,-1.6
Tomatoes,2014,03,2014 Mar,1.632,-5.5
Tomatoes,2014,04,2014 Apr,1.622,-4.7
Tomatoes,2014,05,2014 May,1.629,-2.6
Tomatoes,2014,06,2014 Jun,1.675,2.6
Tomatoes,2014,07,2014 Jul,1.633,0.7
Tomatoes,2014,08,2014 Aug,1.544,-5.2
Tomatoes,2014,09,2014 Sep,1.546,-7.7
Tomatoes,2014,10,2014 Oct,1.695,3.8
Tomatoes,2014,11,2014 Nov,1.948,26.2
Tomatoes,2014,12,2014 Dec,2.189,41.6
Tomatoes,2015,01,2015 Jan,2.089,23.2
Tomatoes,2015,02,2015 Feb,1.849,-5.1
Tomatoes,2015,03,2015 Mar,1.819,-16.9
Tomatoes,2015,04,2015 Apr,1.847,-11.6
Tomatoes,2015,05,2015 May,1.740,-5.9
Tomatoes,2015,06,2015 Jun,1.708,-6.1
Tomatoes,2015,07,2015 Jul,1.777,-3.8
Tomatoes,2015,08,2015 Aug,1.737,-0.2
Tomatoes,2015,09,2015 Sep,1.775,3.9
Tomatoes,2015,10,2015 Oct,1.844,3.8
Tomatoes,2015,11,2015 Nov,1.977,13.8
Tomatoes,2015,12,2015 Dec,1.932,8.8
Tomatoes,2016,01,2016 Jan,2.528,37.1
Tomatoes,2016,02,2016 Feb,2.316,17.1
Tomatoes,2016,03,2016 Mar,1.941,0.5
Tomatoes,2016,04,2016 Apr,1.862,-26.3
Tomatoes,2016,05,2016 May,1.695,-26.8
Tomatoes,2016,06,2016 Jun,1.709,-12.0
Tomatoes,2016,07,2016 Jul,1.635,-12.2
Tomatoes,2016,08,2016 Aug,1.685,-0.6
Tomatoes,2016,09,2016 Sep,1.786,4.5
Tomatoes,2016,10,2016 Oct,1.994,22.0
Tomatoes,2016,11,2016 Nov,1.984,17.7
Tomatoes,2016,12,2016 Dec,1.972,10.4
Tomatoes,2017,01,2017 Jan,2.048,2.7
Tomatoes,2017,02,2017 Feb,1.930,-2.7
Tomatoes,2017,03,2017 Mar,1.943,-1.5
Tomatoes,2017,04,2017 Apr,1.902,-7.1
Tomatoes,2017,05,2017 May,1.867,-3.3
Tomatoes,2017,06,2017 Jun,1.873,-3.6
Tomatoes,2017,07,2017 Jul,1.952,2.6
Tomatoes,2017,08,2017 Aug,1.846,-1.1
Tomatoes,2017,09,2017 Sep,1.828,-2.4
Tomatoes,2017,10,2017 Oct,1.813,-7.1
Tomatoes,2017,11,2017 Nov,1.933,4.7
Tomatoes,2017,12,2017 Dec,2.237,22.4
Tomatoes,2018,01,2018 Jan,2.336,28.8
Tomatoes,2018,02,2018 Feb,2.026,4.8
Tomatoes,2018,03,2018 Mar,1.868,-16.5
Tomatoes,2018,04,2018 Apr,1.802,-22.9
Tomatoes,2018,05,2018 May,1.675,-17.3
Tomatoes,2018,06,2018 Jun,1.706,-8.7
Tomatoes,2018,07,2018 Jul,1.887,4.7
Tomatoes,2018,08,2018 Aug,1.737,3.7
Tomatoes,2018,09,2018 Sep,1.826,7.0
Tomatoes,2018,10,2018 Oct,1.901,0.7
Tomatoes,2018,11,2018 Nov,2.057,18.4
Tomatoes,2018,12,2018 Dec,2.175,19.1
Tomatoes,2019,01,2019 Jan,2.227,17.1
Tomatoes,2019,02,2019 Feb,2.068,0.5
Tomatoes,2019,03,2019 Mar,2.079,-4.4
Tomatoes,2019,04,2019 Apr,1.947,-12.6
Tomatoes,2019,05,2019 May,1.823,-11.8
Tomatoes,2019,06,2019 Jun,1.812,-12.8
Tomatoes,2019,07,2019 Jul,1.799,-7.6
Tomatoes,2019,08,2019 Aug,1.864,2.2
Tomatoes,2019,09,2019 Sep,1.911,5.5
Tomatoes,2019,10,2019 Oct,1.779,-1.1
Tomatoes,2019,11,2019 Nov,1.903,2.1
Tomatoes,2019,12,2019 Dec,1.954,2.3
Tomatoes,2020,01,2020 Jan,2.221,24.8
Tomatoes,2020,02,2020 Feb,2.197,15.4
Tomatoes,2020,05,2020 May,1.851,-15.7
Tomatoes,2020,06,2020 Jun,1.922,N/A
Tomatoes,2020,07,2020 Jul,1.977,N/A
Tomatoes,2020,08,2020 Aug,1.874,1.2
Tomatoes,2020,09,2020 Sep,1.847,-3.9
Tomatoes,2020,10,2020 Oct,1.911,-3.3
Tomatoes,2020,11,2020 Nov,1.935,3.3
Tomatoes,2020,12,2020 Dec,1.893,2.5
Tomatoes,2021,01,2021 Jan,1.928,0.9
Tomatoes,2021,02,2021 Feb,1.838,-5.0
Tomatoes,2021,03,2021 Mar,1.768,-6.6
Tomatoes,2021,04,2021 Apr,1.786,-7.4
Tomatoes,2021,05,2021 May,1.804,-1.8
Tomatoes,2021,06,2021 Jun,1.830,3.5
Tomatoes,2021,07,2021 Jul,1.827,2.3
Tomatoes,2021,08,2021 Aug,1.858,3.0
Tomatoes,2021,09,2021 Sep,1.828,-0.1
Tomatoes,2021,10,2021 Oct,1.892,3.6
Tomatoes,2021,11,2021 Nov,1.924,3.6
Tomatoes,2021,12,2021 Dec,1.906,4.3
Tomatoes,2022,01,2022 Jan,1.892,0.0
Tomatoes,2022,02,2022 Feb,1.826,-5.1
Tomatoes,2022,03,2022 Mar,1.827,-4.1
Tomatoes,2022,04,2022 Apr,1.794,-5.2
Tomatoes,2022,05,2022 May,1.819,-0.4
Tomatoes,2022,06,2022 Jun,1.842,0.8
Tomatoes,2022,07,2022 Jul,1.842,2.7
Tomatoes,2022,08,2022 Aug,1.890,3.9
Tomatoes,2022,09,2022 Sep,1.901,3.2
Tomatoes,2022,10,2022 Oct,1.974,7.2
Tomatoes,2022,11,2022 Nov,2.107,11.5
Tomatoes,2022,12,2022 Dec,2.228,17.2
Tomatoes,2023,01,2023 Jan,2.110,6.9
Tomatoes,2023,02,2023 Feb,1.990,-5.6
Tomatoes,2023,03,2023 Mar,1.932,-13.3
Tomatoes,2023,04,2023 Apr,1.874,-11.2
Tomatoes,2023,05,2023 May,1.798,-9.6
Tomatoes,2023,06,2023 Jun,1.911,-1.1
Tomatoes,2023,07,2023 Jul,1.896,1.2
Tomatoes,2023,08,2023 Aug,1.877,4.4
Tomatoes,2023,09,2023 Sep,1.844,-3.5
Cabbages,2008,01,2008 Jan,0.626,0.0
Cabbages,2008,02,2008 Feb,0.583,-3.8
Cabbages,2008,03,2008 Mar,0.587,-4.2
Cabbages,2008,04,2008 Apr,0.595,-5.0
Cabbages,2008,05,2008 May,0.625,7.2
Cabbages,2008,06,2008 Jun,0.669,14.0
Cabbages,2008,07,2008 Jul,0.708,19.0
Cabbages,2008,08,2008 Aug,0.658,5.3
Cabbages,2008,09,2008 Sep,0.674,0.7
Cabbages,2008,10,2008 Oct,0.698,-1.4
Cabbages,2008,11,2008 Nov,0.619,-5.9
Cabbages,2008,12,2008 Dec,0.633,-6.1
Cabbages,2009,01,2009 Jan,0.596,-14.6
Cabbages,2009,02,2009 Feb,0.607,-1.9
Cabbages,2009,03,2009 Mar,0.571,-9.8
Cabbages,2009,04,2009 Apr,0.600,0.7
Cabbages,2009,05,2009 May,0.623,2.6
Cabbages,2009,06,2009 Jun,0.603,5.6
Cabbages,2009,07,2009 Jul,0.629,4.8
Cabbages,2009,08,2009 Aug,0.603,-3.2
Cabbages,2009,09,2009 Sep,0.588,-2.5
Cabbages,2009,10,2009 Oct,0.625,-0.6
Cabbages,2009,11,2009 Nov,0.570,-5.5
Cabbages,2009,12,2009 Dec,0.588,0.0
Cabbages,2010,01,2010 Jan,0.635,1.6
Cabbages,2010,02,2010 Feb,0.754,32.3
Cabbages,2010,03,2010 Mar,0.625,6.3
Cabbages,2010,04,2010 Apr,0.690,8.7
Cabbages,2010,05,2010 May,0.602,-20.2
Cabbages,2010,06,2010 Jun,0.590,-5.6
Cabbages,2010,07,2010 Jul,0.544,-21.2
Cabbages,2010,08,2010 Aug,0.568,-5.6
Cabbages,2010,09,2010 Sep,0.600,1.7
Cabbages,2010,10,2010 Oct,0.623,14.5
Cabbages,2010,11,2010 Nov,0.644,13.4
Cabbages,2010,12,2010 Dec,0.627,4.5
Cabbages,2011,01,2011 Jan,0.743,19.3
Cabbages,2011,02,2011 Feb,0.819,27.2
Cabbages,2011,03,2011 Mar,0.778,24.1
Cabbages,2011,04,2011 Apr,0.636,-14.4
Cabbages,2011,05,2011 May,0.742,-9.4
Cabbages,2011,06,2011 Jun,0.687,-11.7
Cabbages,2011,07,2011 Jul,0.713,12.1
Cabbages,2011,08,2011 Aug,0.692,-6.7
Cabbages,2011,09,2011 Sep,0.701,2.0
Cabbages,2011,10,2011 Oct,0.705,-1.1
Cabbages,2011,11,2011 Nov,0.654,-5.5
Cabbages,2011,12,2011 Dec,0.661,-5.7
Cabbages,2012,01,2012 Jan,0.650,-7.8
Cabbages,2012,02,2012 Feb,0.660,0.9
Cabbages,2012,03,2012 Mar,0.588,-11.0
Cabbages,2012,04,2012 Apr,0.641,-1.4
Cabbages,2012,05,2012 May,0.622,-5.8
Cabbages,2012,06,2012 Jun,0.624,6.1
Cabbages,2012,07,2012 Jul,0.640,-0.2
Cabbages,2012,08,2012 Aug,0.616,-1.0
Cabbages,2012,09,2012 Sep,0.656,5.1
Cabbages,2012,10,2012 Oct,0.698,9.1
Celery,2010,05,2010 May,0.838, N/A
Celery,2010,06,2010 Jun,0.867,N/A
Celery,2010,07,2010 Jul,0.835,N/A
Celery,2010,08,2010 Aug,0.841,0.4
Celery,2010,09,2010 Sep,0.798,-8.0
Celery,2010,12,2010 Dec,0.732,-8.3
Celery,2011,01,2011 Jan,0.909,N/A
Celery,2011,05,2011 May,1.073,N/A
Celery,2011,06,2011 Jun,1.018,N/A
Celery,2011,07,2011 Jul,0.925,N/A
Celery,2011,08,2011 Aug,0.952,-11.3
Celery,2011,09,2011 Sep,0.959,-5.8
Celery,2011,11,2011 Nov,0.779,-18.2
Celery,2011,12,2011 Dec,0.788,-17.8
Celery,2012,01,2012 Jan,0.925,N/A
Celery,2012,02,2012 Feb,0.908,16.6
Celery,2012,03,2012 Mar,0.859,9.0
Celery,2012,04,2012 Apr,0.806,-12.9
Celery,2012,05,2012 May,0.852,-6.2
Celery,2012,10,2012 Oct,0.879,N/A
Carrots,2008,01,2008 Jan,0.780,N/A
Carrots,2008,02,2008 Feb,0.777,3.2
Carrots,2008,03,2008 Mar,0.768,2.4
Carrots,2008,04,2008 Apr,0.768,-1.5
Carrots,2008,05,2008 May,0.793,2.1
Carrots,2008,06,2008 Jun,0.868,13.0
Carrots,2008,07,2008 Jul,0.801,4.3
Carrots,2008,08,2008 Aug,0.797,0.5
Carrots,2008,09,2008 Sep,0.794,-8.5
Carrots,2008,10,2008 Oct,0.797,-0.5
Carrots,2011,10,2011 Oct,0.757, N/A
Carrots,2013,11,2013 Nov,0.766, N/A
Carrots,2013,12,2013 Dec,0.738,N/A
Carrots,2014,01,2014 Jan,0.757,N/A
Carrots,2014,02,2014 Feb,0.757,-1.2
Carrots,2014,03,2014 Mar,0.762,3.3
Peppers,2008,01,2008 Jan,2.166,4.1
Peppers,2008,02,2008 Feb,2.330,6.0
Peppers,2008,03,2008 Mar,2.710,23.9
Peppers,2008,04,2008 Apr,2.346,8.3
Peppers,2008,05,2008 May,2.395,2.8
Peppers,2008,06,2008 Jun,2.427,-10.4
Peppers,2008,07,2008 Jul,2.629,12.1
Peppers,2008,08,2008 Aug,2.202,-8.1
Peppers,2008,09,2008 Sep,2.055,-15.3
Peppers,2010,11,2010 Nov,2.298, N/A
Peppers,2010,12,2010 Dec,2.396,N/A
Peppers,2011,01,2011 Jan,2.592,N/A
Peppers,2011,02,2011 Feb,2.789,21.4
Peppers,2011,03,2011 Mar,3.145,31.3
Peppers,2011,04,2011 Apr,3.144,21.3
Peppers,2011,05,2011 May,2.586,-7.3
Peppers,2011,06,2011 Jun,2.521,-19.8
Peppers,2011,07,2011 Jul,2.408,-23.4
Peppers,2011,08,2011 Aug,2.285,-11.6
Peppers,2011,09,2011 Sep,2.466,-2.2
Peppers,2011,10,2011 Oct,2.494,3.6
Peppers,2011,11,2011 Nov,2.565,12.3
Peppers,2011,12,2011 Dec,2.618,6.2
Peppers,2012,01,2012 Jan,2.662,6.7
Peppers,2012,02,2012 Feb,2.447,-4.6
Peppers,2012,03,2012 Mar,2.281,-12.9
Peppers,2012,04,2012 Apr,2.609,-2.0
Peppers,2012,05,2012 May,2.624,7.2
Peppers,2012,06,2012 Jun,2.446,7.2
Peppers,2012,07,2012 Jul,2.376,-8.9
Peppers,2012,08,2012 Aug,2.289,-12.8
Peppers,2012,09,2012 Sep,2.357,-3.6
Peppers,2012,10,2012 Oct,2.338,-1.6
Peppers,2012,11,2012 Nov,2.286,-0.1
Peppers,2012,12,2012 Dec,2.359,0.1
Peppers,2013,01,2013 Jan,2.188,-6.4
Peppers,2013,02,2013 Feb,2.127,-7.0
Peppers,2013,03,2013 Mar,2.117,-10.3
Peppers,2013,04,2013 Apr,2.191,0.1
Peppers,2013,05,2013 May,2.363,11.1
Peppers,2013,06,2013 Jun,2.173,2.6
Peppers,2013,07,2013 Jul,2.330,6.3
Peppers,2013,08,2013 Aug,2.437,3.1
Peppers,2013,09,2013 Sep,2.347,8.0
Peppers,2013,10,2013 Oct,2.605,11.8
Peppers,2013,11,2013 Nov,2.644,8.5
Peppers,2013,12,2013 Dec,2.667,13.6
Peppers,2014,01,2014 Jan,2.700,3.6
Peppers,2014,02,2014 Feb,2.523,-4.6
Peppers,2014,03,2014 Mar,2.469,-7.4
Peppers,2014,04,2014 Apr,2.399,-11.1
Peppers,2014,05,2014 May,2.645,4.8
Peppers,2014,06,2014 Jun,2.594,5.1
Peppers,2014,07,2014 Jul,2.718,13.3
Peppers,2014,08,2014 Aug,2.606,-1.5
Peppers,2014,09,2014 Sep,2.320,-10.6
Peppers,2014,10,2014 Oct,2.373,-12.7
Peppers,2014,11,2014 Nov,2.350,-9.8
Peppers,2014,12,2014 Dec,2.616,12.8
Peppers,2015,01,2015 Jan,2.427,2.3
Peppers,2015,02,2015 Feb,2.196,-6.6
Peppers,2015,03,2015 Mar,2.355,-10.0
Peppers,2015,04,2015 Apr,2.475,2.0
Peppers,2015,05,2015 May,2.482,13.0
Peppers,2015,06,2015 Jun,2.190,-7.0
Peppers,2015,07,2015 Jul,2.509,1.4
Peppers,2015,08,2015 Aug,2.595,4.6
Peppers,2015,09,2015 Sep,2.660,21.5
Peppers,2015,10,2015 Oct,2.501,-0.3
Peppers,2016,04,2016 Apr,2.888,N/A
Peppers,2016,05,2016 May,2.679,N/A
Peppers,2016,06,2016 Jun,2.497,N/A
Peppers,2016,07,2016 Jul,2.216,-23.3
Peppers,2016,08,2016 Aug,2.224,-17.0
Peppers,2016,09,2016 Sep,2.121,-15.1
Peppers,2016,10,2016 Oct,2.213,-0.1
Peppers,2016,11,2016 Nov,2.361,6.2
Peppers,2016,12,2016 Dec,2.199,3.7
Peppers,2017,01,2017 Jan,2.238,1.1
Peppers,2017,02,2017 Feb,2.043,-13.5
Peppers,2017,03,2017 Mar,2.145,-2.5
Peppers,2017,04,2017 Apr,2.331,4.2
Peppers,2017,05,2017 May,2.331,14.1
Peppers,2017,06,2017 Jun,2.190,2.1
Peppers,2017,07,2017 Jul,2.223,-4.6
Peppers,2017,08,2017 Aug,2.168,-7.0
Peppers,2017,09,2017 Sep,2.099,-4.2
Peppers,2017,10,2017 Oct,2.197,-1.2
Peppers,2017,11,2017 Nov,2.251,3.8
Peppers,2017,12,2017 Dec,2.422,15.4
Peppers,2018,01,2018 Jan,2.347,6.8
Peppers,2018,02,2018 Feb,2.278,1.2
Peppers,2018,03,2018 Mar,2.225,-8.1
Peppers,2018,04,2018 Apr,2.343,-0.2
Peppers,2018,05,2018 May,2.366,3.9
Peppers,2018,06,2018 Jun,2.270,2.0
Peppers,2018,07,2018 Jul,2.513,7.3
Peppers,2018,08,2018 Aug,2.328,-1.6
Peppers,2018,09,2018 Sep,2.328,2.6
Peppers,2018,10,2018 Oct,2.281,-9.2
Peppers,2018,11,2018 Nov,2.485,6.7
Peppers,2018,12,2018 Dec,2.652,13.9
Peppers,2019,01,2019 Jan,2.493,9.3
Peppers,2019,02,2019 Feb,2.490,0.2
Peppers,2019,03,2019 Mar,2.498,-5.8
Peppers,2019,04,2019 Apr,2.426,-2.7
Peppers,2019,05,2019 May,2.313,-7.1
Peppers,2019,06,2019 Jun,2.364,-5.4
Peppers,2019,07,2019 Jul,2.420,-0.2
Peppers,2019,08,2019 Aug,2.371,2.5
Peppers,2019,09,2019 Sep,2.412,2.0
Peppers,2019,10,2019 Oct,2.228,-7.9
Peppers,2019,11,2019 Nov,2.307,-2.7
Peppers,2019,12,2019 Dec,2.501,3.7
Peppers,2020,01,2020 Jan,2.493,11.9
Peppers,2020,02,2020 Feb,2.430,5.3
Peppers,2020,03,2020 Mar,2.437,-2.6
Broccoli,2008,01,2008 Jan,1.733,-0.9
Broccoli,2008,02,2008 Feb,1.639,-5.9
Broccoli,2008,03,2008 Mar,1.574,-4.9
Broccoli,2008,04,2008 Apr,1.737,0.2
Broccoli,2008,05,2008 May,1.652,0.8
Broccoli,2008,06,2008 Jun,1.600,1.7
Broccoli,2008,07,2008 Jul,1.670,-3.9
Broccoli,2008,08,2008 Aug,1.601,-3.1
Broccoli,2008,09,2008 Sep,1.583,-1.1
Broccoli,2008,10,2008 Oct,1.812,8.5
Broccoli,2008,11,2008 Nov,1.791,11.9
Broccoli,2008,12,2008 Dec,1.703,7.6
Broccoli,2009,01,2009 Jan,1.728,-4.6
Broccoli,2009,02,2009 Feb,1.677,-6.4
Broccoli,2009,03,2009 Mar,1.696,-0.4
Broccoli,2009,04,2009 Apr,1.624,-6.0
Broccoli,2009,05,2009 May,1.516,-9.6
Broccoli,2009,06,2009 Jun,1.521,-10.3
Broccoli,2009,07,2009 Jul,1.516,-6.7
Broccoli,2009,08,2009 Aug,1.499,-1.1
Broccoli,2009,09,2009 Sep,1.478,-2.8
Broccoli,2009,10,2009 Oct,1.568,3.4
Broccoli,2009,11,2009 Nov,1.693,12.9
Broccoli,2009,12,2009 Dec,1.662,12.4
Broccoli,2010,01,2010 Jan,1.558,-0.6
Broccoli,2010,02,2010 Feb,1.561,-7.8
Broccoli,2010,03,2010 Mar,1.640,-1.3
Broccoli,2010,04,2010 Apr,1.612,3.5
Broccoli,2010,05,2010 May,1.522,-2.5
Broccoli,2010,06,2010 Jun,1.553,-5.3
Broccoli,2010,07,2010 Jul,1.492,-7.4
Broccoli,2010,08,2010 Aug,1.472,-3.3
Broccoli,2010,09,2010 Sep,1.496,-3.7
Broccoli,2010,10,2010 Oct,1.497,0.3
Broccoli,2010,11,2010 Nov,1.681,14.2
Broccoli,2010,12,2010 Dec,1.922,28.5
Broccoli,2011,01,2011 Jan,1.912,27.7
Broccoli,2011,02,2011 Feb,1.887,12.3
Broccoli,2011,03,2011 Mar,1.751,-8.9
Broccoli,2011,04,2011 Apr,1.661,-13.1
Broccoli,2011,05,2011 May,1.703,-9.8
Broccoli,2011,06,2011 Jun,1.758,0.4
Broccoli,2011,07,2011 Jul,1.647,-0.8
Broccoli,2011,08,2011 Aug,1.589,-6.7
Broccoli,2011,09,2011 Sep,1.632,-7.2
Broccoli,2011,10,2011 Oct,1.568,-4.8
Broccoli,2011,11,2011 Nov,1.590,0.1
Broccoli,2011,12,2011 Dec,1.704,4.4
Broccoli,2012,01,2012 Jan,1.639,4.5
Broccoli,2012,02,2012 Feb,1.531,-3.7
Broccoli,2012,03,2012 Mar,1.648,-3.3
Broccoli,2012,04,2012 Apr,1.567,-4.4
Broccoli,2012,05,2012 May,1.588,3.7
Broccoli,2012,06,2012 Jun,1.679,1.9
Broccoli,2012,07,2012 Jul,1.620,3.4
Broccoli,2012,08,2012 Aug,1.551,-2.3
Broccoli,2012,09,2012 Sep,1.586,-5.5
Broccoli,2012,10,2012 Oct,1.520,-6.2
Broccoli,2012,11,2012 Nov,1.633,5.3
Broccoli,2012,12,2012 Dec,1.642,3.5
Broccoli,2013,01,2013 Jan,2.103,38.4
Broccoli,2013,02,2013 Feb,1.932,18.3
Broccoli,2013,03,2013 Mar,1.886,14.9
Broccoli,2013,04,2013 Apr,1.742,-17.2
Broccoli,2013,05,2013 May,1.664,-13.9
Broccoli,2013,06,2013 Jun,1.734,-8.1
Broccoli,2013,07,2013 Jul,1.732,-0.6
Broccoli,2013,08,2013 Aug,1.806,8.5
Broccoli,2013,09,2013 Sep,1.802,3.9
Broccoli,2013,10,2013 Oct,1.959,13.1
Broccoli,2013,11,2013 Nov,2.049,13.5
Broccoli,2013,12,2013 Dec,1.810,0.4
Broccoli,2014,01,2014 Jan,1.847,-5.7
Broccoli,2014,02,2014 Feb,1.774,-13.4
Broccoli,2014,03,2014 Mar,1.784,-1.4
Broccoli,2014,04,2014 Apr,1.739,-5.8
Broccoli,2014,05,2014 May,1.770,-0.2
Broccoli,2014,06,2014 Jun,1.774,-0.6
Broccoli,2014,07,2014 Jul,1.808,4.0
Broccoli,2014,08,2014 Aug,1.664,-6.0
Broccoli,2014,09,2014 Sep,1.820,2.6
Broccoli,2014,10,2014 Oct,1.786,-1.2
Broccoli,2014,11,2014 Nov,1.732,4.1
Broccoli,2014,12,2014 Dec,1.669,-8.3
Broccoli,2015,01,2015 Jan,1.729,-3.2
Broccoli,2015,02,2015 Feb,1.842,6.4
Broccoli,2015,03,2015 Mar,1.704,2.1
Broccoli,2015,04,2015 Apr,1.830,5.8
Broccoli,2015,05,2015 May,1.668,-9.4
Broccoli,2015,06,2015 Jun,1.871,9.8
Broccoli,2015,07,2015 Jul,1.706,-6.8
Broccoli,2015,08,2015 Aug,1.758,5.4
Broccoli,2015,09,2015 Sep,1.797,-4.0
Broccoli,2015,10,2015 Oct,1.866,9.4
Broccoli,2015,11,2015 Nov,1.778,1.1
Broccoli,2015,12,2015 Dec,1.945,8.2
Broccoli,2016,01,2016 Jan,2.060,10.4
Broccoli,2016,02,2016 Feb,1.673,-5.9
Broccoli,2016,03,2016 Mar,1.586,-18.5
Broccoli,2016,04,2016 Apr,1.594,-22.6
Broccoli,2016,05,2016 May,1.570,-6.2
Broccoli,2016,06,2016 Jun,1.663,4.9
Broccoli,2016,07,2016 Jul,1.610,1.0
Broccoli,2016,08,2016 Aug,1.550,-1.3
Broccoli,2016,09,2016 Sep,1.555,-6.5
Broccoli,2016,10,2016 Oct,1.615,0.3
Broccoli,2016,11,2016 Nov,1.532,-1.2
Broccoli,2016,12,2016 Dec,1.533,-1.4
Broccoli,2017,01,2017 Jan,1.536,-4.9
Broccoli,2017,02,2017 Feb,1.676,9.4
Broccoli,2017,03,2017 Mar,1.811,18.1
Broccoli,2017,04,2017 Apr,1.996,29.9
Broccoli,2017,05,2017 May,1.976,17.9
Broccoli,2017,06,2017 Jun,1.842,1.7
Broccoli,2017,07,2017 Jul,1.833,-8.2
Broccoli,2017,08,2017 Aug,1.795,-9.2
Broccoli,2017,09,2017 Sep,1.742,-5.4
Broccoli,2017,10,2017 Oct,1.938,5.7
Broccoli,2017,11,2017 Nov,1.838,2.4
Broccoli,2017,12,2017 Dec,1.765,1.3
Broccoli,2018,01,2018 Jan,1.823,-5.9
Broccoli,2018,02,2018 Feb,1.831,-0.4
Broccoli,2018,03,2018 Mar,1.794,1.6
Broccoli,2018,04,2018 Apr,1.802,-1.2
Broccoli,2018,05,2018 May,1.778,-2.9
Broccoli,2018,06,2018 Jun,1.842,2.7
Broccoli,2018,07,2018 Jul,1.822,1.1
Broccoli,2018,08,2018 Aug,1.849,4.0
Broccoli,2018,09,2018 Sep,1.756,-4.7
Broccoli,2018,10,2018 Oct,1.912,4.9
Broccoli,2018,11,2018 Nov,1.954,5.7
Broccoli,2018,12,2018 Dec,2.074,18.1
Broccoli,2019,01,2019 Jan,2.072,8.4
Broccoli,2019,02,2019 Feb,2.050,4.9
Broccoli,2019,03,2019 Mar,2.114,1.9
Broccoli,2019,04,2019 Apr,2.042,-1.4
Broccoli,2019,05,2019 May,1.932,-5.8
Broccoli,2019,06,2019 Jun,1.944,-8.0
Broccoli,2019,07,2019 Jul,1.911,-6.4
Broccoli,2019,08,2019 Aug,1.969,1.9
Broccoli,2019,09,2019 Sep,1.944,0.0
Broccoli,2019,10,2019 Oct,2.044,7.0
Broccoli,2019,11,2019 Nov,2.065,4.9
Broccoli,2019,12,2019 Dec,1.854,-4.6
Broccoli,2020,01,2020 Jan,1.956,-4.3
Broccoli,2020,02,2020 Feb,2.052,-0.6
Broccoli,2020,03,2020 Mar,1.971,6.3
Lettuce--romaine,2008,01,2008 Jan,1.724,9.7
Lettuce--romaine,2008,02,2008 Feb,1.682,-4.3
Lettuce--romaine,2008,03,2008 Mar,1.587,-10.6
Lettuce--romaine,2008,04,2008 Apr,1.557,-9.7
Lettuce--romaine,2008,05,2008 May,1.581,-6.0
Lettuce--romaine,2008,06,2008 Jun,1.590,0.2
Lettuce--romaine,2008,07,2008 Jul,1.609,3.3
Lettuce--romaine,2008,08,2008 Aug,1.748,10.6
Lettuce--romaine,2008,09,2008 Sep,1.884,18.5
Lettuce--romaine,2008,10,2008 Oct,1.834,14.0
Lettuce--romaine,2008,11,2008 Nov,1.912,9.4
Lettuce--romaine,2008,12,2008 Dec,1.821,-3.3
Lettuce--romaine,2009,01,2009 Jan,1.851,0.9
Lettuce--romaine,2009,02,2009 Feb,1.758,-8.1
Lettuce--romaine,2009,03,2009 Mar,1.762,-3.2
Lettuce--romaine,2009,04,2009 Apr,1.692,-8.6
Lettuce--romaine,2009,05,2009 May,1.662,-5.5
Lettuce--romaine,2009,06,2009 Jun,1.637,-7.1
Lettuce--romaine,2009,07,2009 Jul,1.680,-0.7
Lettuce--romaine,2009,08,2009 Aug,1.697,2.1
Lettuce--romaine,2009,09,2009 Sep,1.678,2.5
Lettuce--romaine,2009,10,2009 Oct,1.621,-3.5
Lettuce--romaine,2009,11,2009 Nov,1.931,13.8
Lettuce--romaine,2009,12,2009 Dec,2.097,25.0
Lettuce--romaine,2010,01,2010 Jan,1.959,20.9
Lettuce--romaine,2010,02,2010 Feb,1.822,-5.6
Lettuce--romaine,2010,03,2010 Mar,1.776,-15.3
Lettuce--romaine,2010,04,2010 Apr,1.795,-8.4
Lettuce--romaine,2010,05,2010 May,1.720,-5.6
Lettuce--romaine,2010,06,2010 Jun,1.847,4.0
Lettuce--romaine,2010,07,2010 Jul,1.796,0.1
Lettuce--romaine,2010,08,2010 Aug,1.758,2.2
Lettuce--romaine,2010,09,2010 Sep,1.781,-3.6
Lettuce--romaine,2010,10,2010 Oct,1.674,-6.8
Lettuce--romaine,2010,11,2010 Nov,1.758,0.0
Lettuce--romaine,2010,12,2010 Dec,1.828,2.6
Lettuce--romaine,2011,01,2011 Jan,1.866,11.5
Lettuce--romaine,2011,02,2011 Feb,1.993,13.4
Lettuce--romaine,2011,03,2011 Mar,2.182,19.4
Lettuce--romaine,2011,04,2011 Apr,1.772,-5.0
Lettuce--romaine,2011,05,2011 May,1.760,-11.7
Lettuce--romaine,2011,06,2011 Jun,1.638,-24.9
Lettuce--romaine,2011,07,2011 Jul,1.619,-8.6
Lettuce--romaine,2011,08,2011 Aug,1.660,-5.7
Lettuce--romaine,2011,09,2011 Sep,1.685,2.9
Lettuce--romaine,2011,10,2011 Oct,1.723,6.4
Lettuce--romaine,2011,11,2011 Nov,1.758,5.9
Lettuce--romaine,2011,12,2011 Dec,1.707,1.3
Lettuce--romaine,2012,01,2012 Jan,1.671,-3.0
Lettuce--romaine,2012,02,2012 Feb,1.630,-7.3
Lettuce--romaine,2012,03,2012 Mar,1.509,-11.6
Lettuce--romaine,2012,04,2012 Apr,1.470,-12.0
Lettuce--romaine,2012,05,2012 May,1.422,-12.8
Lettuce--romaine,2012,06,2012 Jun,1.422,-5.8
Lettuce--romaine,2012,07,2012 Jul,1.520,3.4
Lettuce--romaine,2012,08,2012 Aug,1.506,5.9
Lettuce--romaine,2012,09,2012 Sep,1.533,7.8
Lettuce--romaine,2012,10,2012 Oct,1.529,0.6
Lettuce--romaine,2012,11,2012 Nov,1.519,0.9
Lettuce--romaine,2012,12,2012 Dec,1.487,-3.0
Lettuce--romaine,2013,01,2013 Jan,1.924,25.8
Lettuce--romaine,2013,02,2013 Feb,2.114,39.2
Lettuce--romaine,2013,03,2013 Mar,2.072,39.3
Lettuce--romaine,2013,04,2013 Apr,1.727,-10.2
Lettuce--romaine,2013,05,2013 May,1.457,-31.1
Lettuce--romaine,2013,06,2013 Jun,1.424,-31.3
Lettuce--romaine,2013,07,2013 Jul,1.543,-10.7
Lettuce--romaine,2013,08,2013 Aug,1.620,11.2
Lettuce--romaine,2013,09,2013 Sep,1.559,9.5
Lettuce--romaine,2013,10,2013 Oct,1.630,5.6
Lettuce--romaine,2013,11,2013 Nov,1.772,9.4
Lettuce--romaine,2013,12,2013 Dec,1.701,9.1
Lettuce--romaine,2014,01,2014 Jan,1.650,1.2
Lettuce--romaine,2014,02,2014 Feb,1.510,-14.8
Lettuce--romaine,2014,03,2014 Mar,1.565,-8.0
Lettuce--romaine,2014,04,2014 Apr,1.569,-4.9
Lettuce--romaine,2014,05,2014 May,1.600,6.0
Lettuce--romaine,2014,06,2014 Jun,1.790,14.4
Lettuce--romaine,2014,07,2014 Jul,1.756,11.9
Lettuce--romaine,2014,08,2014 Aug,1.710,6.9
Lettuce--romaine,2014,09,2014 Sep,1.658,-7.4
Lettuce--romaine,2014,10,2014 Oct,1.753,-0.2
Lettuce--romaine,2014,11,2014 Nov,1.936,13.2
Lettuce--romaine,2014,12,2014 Dec,1.826,10.1
Lettuce--romaine,2015,01,2015 Jan,2.047,16.8
Lettuce--romaine,2015,02,2015 Feb,2.195,13.4
Lettuce--romaine,2015,03,2015 Mar,2.007,9.9
Lettuce--romaine,2015,04,2015 Apr,1.868,-8.7
Lettuce--romaine,2015,05,2015 May,1.904,-13.3
Lettuce--romaine,2015,06,2015 Jun,1.977,-1.5
Lettuce--romaine,2015,07,2015 Jul,1.848,-1.1
Lettuce--romaine,2015,08,2015 Aug,1.790,-6.0
Lettuce--romaine,2015,09,2015 Sep,1.926,-2.6
Lettuce--romaine,2015,10,2015 Oct,1.953,5.7
Lettuce--romaine,2015,11,2015 Nov,2.116,18.2
Lettuce--romaine,2015,12,2015 Dec,2.205,14.5
Lettuce--romaine,2016,01,2016 Jan,2.060,5.5
Lettuce--romaine,2016,02,2016 Feb,2.030,-4.1
Lettuce--romaine,2016,03,2016 Mar,1.894,-14.1
Lettuce--romaine,2016,04,2016 Apr,1.887,-8.4
Lettuce--romaine,2016,05,2016 May,1.992,-1.9
Lettuce--romaine,2016,06,2016 Jun,2.029,7.1
Lettuce--romaine,2016,07,2016 Jul,1.953,3.5
Lettuce--romaine,2016,08,2016 Aug,1.862,-6.5
Lettuce--romaine,2016,09,2016 Sep,1.810,-10.8
Lettuce--romaine,2016,10,2016 Oct,1.794,-8.1
Lettuce--romaine,2016,11,2016 Nov,1.901,2.1
Lettuce--romaine,2016,12,2016 Dec,1.873,3.5
Lettuce--romaine,2017,01,2017 Jan,1.802,0.4
Lettuce--romaine,2017,02,2017 Feb,1.944,2.3
Lettuce--romaine,2017,03,2017 Mar,2.038,8.8
Lettuce--romaine,2017,04,2017 Apr,2.439,35.3
Lettuce--romaine,2017,05,2017 May,2.325,19.6
Lettuce--romaine,2017,06,2017 Jun,2.179,6.9
Lettuce--romaine,2017,07,2017 Jul,2.027,-16.9
Lettuce--romaine,2017,08,2017 Aug,2.088,-10.2
Lettuce--romaine,2017,09,2017 Sep,2.036,-6.6
Lettuce--romaine,2017,10,2017 Oct,2.125,4.8
Lettuce--romaine,2017,11,2017 Nov,2.148,2.9
Lettuce--romaine,2017,12,2017 Dec,2.159,6.0
Lettuce--romaine,2018,01,2018 Jan,2.127,0.1
Lettuce--romaine,2018,02,2018 Feb,2.072,-3.5
Lettuce--romaine,2018,03,2018 Mar,2.064,-4.4
Lettuce--romaine,2018,04,2018 Apr,2.129,0.1
Lettuce--romaine,2018,05,2018 May,2.039,-1.6
Lettuce--romaine,2018,06,2018 Jun,1.937,-6.2
Lettuce--romaine,2018,07,2018 Jul,2.056,-3.4
Lettuce--romaine,2018,08,2018 Aug,2.043,0.2
Lettuce--romaine,2018,09,2018 Sep,2.058,6.2
Lettuce--romaine,2018,10,2018 Oct,2.132,3.7
Lettuce--romaine,2018,11,2018 Nov,2.170,6.2
Lettuce--romaine,2018,12,2018 Dec,2.352,14.3
Lettuce--romaine,2019,01,2019 Jan,2.177,2.1
Lettuce--romaine,2019,02,2019 Feb,2.300,6.0
Lettuce--romaine,2019,03,2019 Mar,2.356,0.2
Lettuce--romaine,2019,04,2019 Apr,2.300,5.6
Lettuce--romaine,2019,05,2019 May,2.190,-4.8
Lettuce--romaine,2019,06,2019 Jun,2.115,-10.2
Lettuce--romaine,2019,07,2019 Jul,2.207,-4.0
Lettuce--romaine,2019,08,2019 Aug,2.162,-1.3
Lettuce--romaine,2019,09,2019 Sep,2.059,-2.6
Lettuce--romaine,2019,10,2019 Oct,2.203,-0.2
Lettuce--romaine,2019,11,2019 Nov,2.214,2.4
Lettuce--romaine,2019,12,2019 Dec,2.176,5.7
Lettuce--romaine,2020,01,2020 Jan,2.160,-2.0
Lettuce--romaine,2020,02,2020 Feb,2.029,-8.4
Lettuce--romaine,2021,12,2021 Dec,3.269, N/A
Lettuce--romaine,2022,01,2022 Jan,3.178,N/A
Lettuce--romaine,2022,02,2022 Feb,3.182,N/A
Lettuce--romaine,2022,03,2022 Mar,3.154,-3.5
Lettuce--romaine,2022,04,2022 Apr,3.187,0.3
Lettuce--romaine,2022,05,2022 May,2.993,-5.9
Lettuce--romaine,2022,06,2022 Jun,2.973,-5.7
Lettuce--romaine,2022,07,2022 Jul,2.927,-8.2
Lettuce--romaine,2022,08,2022 Aug,2.841,-5.1
Lettuce--romaine,2022,09,2022 Sep,3.003,1.0
Lettuce--romaine,2022,10,2022 Oct,3.138,7.2
Lettuce--romaine,2022,11,2022 Nov,3.487,22.7
Lettuce--romaine,2022,12,2022 Dec,3.568,18.8
Lettuce--romaine,2023,01,2023 Jan,3.058,-2.5
Lettuce--romaine,2023,02,2023 Feb,2.865,-17.8
Lettuce--romaine,2023,03,2023 Mar,2.805,-21.4
Lettuce--romaine,2023,04,2023 Apr,2.781,-9.1
Lettuce--romaine,2023,05,2023 May,2.833,-1.1
Lettuce--romaine,2023,06,2023 Jun,2.729,-2.7
Lettuce--romaine,2023,07,2023 Jul,2.670,-4.0
Lettuce--romaine,2023,08,2023 Aug,2.552,-9.9
Lettuce--romaine,2023,09,2023 Sep,2.679,-1.8